id,status,assistant_content
open_ended_counterexample__001,unchanged,
open_ended_counterexample__002,rewritten,"Sorun akşamları enerjinin bitmesi olduğu için her akşam tarif seçmek, yükü tam da en yorgun olduğun ana bırakır; ne pişireceğine karar vermek de yemek yapmak kadar yorar. Hafta sonu bir-iki saatlik hazırlık (pilav, haşlanmış bakliyat, doğranmış sebze, marine edilmiş et) akşam işini 15 dakikalık bir birleştirmeye indirir. Hafta sonun da yoğunsa ikisini birleştir: yalnızca 2-3 temel malzeme hazırla, akşamları bunları kullanan 3-4 sabit hızlı tariften birini seç."
open_ended_counterexample__003,rewritten,"İlk hafta yalnızca üç kolay ana yemek seç ve alışverişi bunların ortak malzemelerine göre yap; her birini iki porsiyon pişirip ertesi akşamı da kapat. Hafta sonunda hangi akşamın aksadığına bak. İkinci hafta o günler için dondurucuya bir yedek porsiyon koy ve iyi giden yemekleri tekrarla, yeni tarif ekleme. İki haftanın sonunda amaç çeşitlilik değil, yorgun bir akşamda bile işleyen bir düzen olmalı."
open_ended_counterexample__004,rewritten,"Önce malzemelerin neden bittiğini ayır: miktarı mı az hesaplıyorsun, yoksa hazırladıkların planlanmamış öğünlerde ya da atıştırmalık olarak mı tükeniyor? Bir hafta boyunca neyin hangi gün bittiğini not et. Miktar sorunuysa hazırlığı ikiye böl: pazar günü asıl hazırlık, çarşamba akşamı kısa bir takviye. Plan dışı tükeniyorsa hazırladıklarını öğün öğün ayrı kaplara porsiyonla; böylece neyin hangi akşama ait olduğu belli olur."
open_ended_counterexample__005,rewritten,"En sık aradığın beş eşyayı belirle ve her birine, en çok kullandığın yerin yakınında sabit bir yer ver: anahtar kapı girişine, şarj kablosu yatağın yanına. Bu yer görünür ve tek hareketle ulaşılır olsun; kapaklı kutu ya da çekmece dibi, eşyayı oraya koymayı zorlaştırır. Bir eşya iki hafta boyunca yine de hep aynı başka yerde çıkıyorsa, doğru yer orasıdır; yuvayı oraya taşı."
open_ended_counterexample__006,rewritten,"Eşyaları aramamızın nedeni çoğu zaman dağınıklık değil, bırakırken karar vermemizdir: “şimdilik buraya koyayım” dediğin an eşyanın yeri hafızandan çıkar. Sabit yuva bu kararı ortadan kaldırır, eşyayı bırakmak da bulmak da otomatikleşir. Yuvanın eşyanın kullanıldığı yere yakın olması da önemli, çünkü uzaktaki bir yere eşya pek geri konmaz."
open_ended_counterexample__007,rewritten,"Önce tek bir sorunlu alanla başla, örneğin kapı girişi ya da en çok eşya biriken masa. İlk hafta orada en sık kullandığın eşyalara sabit yer ver, gerisine dokunma. Bu alan birkaç gün düzenli kalıyorsa bir sonrakine geç. Yeni kutu ve düzenleyici almayı en sona bırak, çünkü neye ihtiyacın olduğunu ancak düzeni birkaç alanda denedikten sonra bilirsin."
open_ended_counterexample__008,rewritten,"Anahtar ve kulaklığın hangi odalarda çıktığına birkaç gün dikkat et; çoğu zaman bir örüntü vardır. Hep aynı yerde çıkıyorlarsa belirlediğin yer yanlıştır: yuvayı eşyayı gerçekten kullandığın ya da eve girip çıkarken geçtiğin noktaya taşı. Her seferinde farklı yerde çıkıyorsa sorun yuvanın yerinde değil, eve giriş alışkanlığındadır; kapının yanına bir kase koy ve eve girer girmez ceplerini oraya boşalt."
open_ended_counterexample__009,rewritten,"Bir hafta boyunca sabahları hangi adımın beklediğinden uzun sürdüğünü not et; gecikme çoğu zaman tek bir yerde birikir. Kıyafet seçmek, çanta hazırlamak ya da anahtar aramak gibi işleri akşama al. Hatırlatıcıyı uyanma saatine değil çıkış saatine göre kur: çıkmadan on dakika önce “ayakkabılarını giy” uyarısı, zamanın nasıl geçtiğini fark etmeni sağlar."
open_ended_counterexample__010,rewritten,"Sabah gecikmesinin asıl nedeni genellikle geç kalkmak değil, işlerin süresini hafife almaktır: her küçük iş “iki dakika” gibi gelir ama toplamı yarım saati bulur. Üstelik sabah verilen her karar (ne giyeceğim, neyi alacağım) hem zaman alır hem dikkati dağıtır. Akşamdan hazırlık bu kararları sabahtan çıkardığı, çıkış hatırlatıcısı da zamanı görünür kıldığı için işe yarar."
open_ended_counterexample__011,rewritten,"Hedefin hazırlanma süresini kısaltmaksa erken alarm bunu kısaltmaz, sadece daha erken başlatır; çoğu insan kazandığı zamanı da oyalanarak harcar. Akşamdan kıyafet ve çantayı hazırlamak ise sabah yapılacak işi ve verilecek kararları gerçekten azaltır. Önce akşam hazırlığını dene; buna rağmen geç kalıyorsan sorun süre değil başlama zamanıdır, o zaman alarmı öne çek."
open_ended_counterexample__012,rewritten,"Erken kalktığın hâlde geç kalıyorsan sorun zaman değil, zamanın farkına varmamak. Önce bir hafta boyunca tam olarak nerede oyalandığını not et; telefon, uzun kahvaltı ya da hazır olduktan sonraki “biraz daha oturayım” anı genelde başı çeker. Sonra oyalandığın şeyi hazırlık bitene kadar erteleyen bir kural koy: önce giyin, sonra telefon. Hâlâ geç kalıyorsan çıkıştan 15 ve 5 dakika önce iki hatırlatıcı kur."
open_ended_counterexample__013,rewritten,"İşe çalışma eşyalarını tek bir sepette toplayarak başla; böylece iş evin her yerine yayılmaz. Mümkünse masayı, çalışırken dinlenme köşesini görmeyeceğin şekilde yerleştir. İş bitince bilgisayarı ve sepeti kaldır. Alan küçük olsa bile bu görünür geçiş, zihnine işin bittiğini hissettirir."
open_ended_counterexample__014,rewritten,"Asıl güçlük, zihnin mekânı orada yaptığın işle ilişkilendirmesidir: aynı koltukta hem çalışıp hem dinlenince, orada ikisini de tam yapamazsın. Ayrı bir oda olmasa da bu ilişkiyi işaretlerle kurabilirsin: çalışırken belirli bir masa, sandalye ya da lamba kullan. İş bitince bilgisayarı ve iş eşyalarını gözden kaldır, çünkü iş gözünün önünde durdukça zihin de onu kapatmakta zorlanır."
open_ended_counterexample__015,rewritten,"Yeni masa ancak asıl eksik çalışacak yüzeyse işe yarar; küçük bir evde sorun çoğu zaman yüzey değil, iki alanın birbirine karışmasıdır ve yeni masa alanı daha da daraltabilir. Önce mevcut düzeni dene: masayı dinlenme köşesine arkası dönük yerleştir, çalışma alanına ayrı bir lamba koy, iş eşyalarını bir sepette topla. Bir-iki hafta sonra hâlâ düzgün çalışabileceğin bir yer yoksa katlanır ya da duvara monte bir masa düşün."
open_ended_counterexample__016,rewritten,"İlk gün çalışma eşyalarını tek bir sepette topla ve masayı, çalışırken dinlenme köşesini görmeyeceğin şekilde yerleştir. İlk hafta her iş bitişinde bilgisayarı ve sepeti kaldırmayı alışkanlık hâline getir; en kolay unutulan adım budur. Devamında akşamları daha kolay gevşeyip gevşemediğine bak; hâlâ zorlanıyorsan çalışma alanına ayrı bir lamba ya da kısa bir “işi kapatma” rutini ekle."
open_ended_counterexample__017,rewritten,"Alışverişten önce buzdolabına ve dolaplara bak, evde olanın fotoğrafını çek; aynı ürünü ikinci kez almak israfın en sık nedenidir. Listeyi haftanın öğünlerine göre ve miktarıyla yaz: “domates” değil “4 domates”. Plansız alım için küçük bir pay bırak; tamamen yasaklamak bir süre sonra listeyi bırakmana yol açar. Eve gelince taze ürünleri buzdolabının önüne koy ki unutulmasın."
open_ended_counterexample__018,rewritten,"Katı liste tek başına yetmez, çünkü listeyi evdeki stoku bilmeden yazarsan olanı yeniden alırsın. Esnek dediğin yöntem aslında daha disiplinli: önce evde ne olduğuna bakıp haftanın menüsünü ona göre kuruyorsun, liste de buradan çıkıyor. En iyisi ikisini birleştirmek: listeyi stoka ve menüye göre hazırla, markette de ona bağlı kal."
open_ended_counterexample__019,rewritten,"İlk hafta alışverişten önce evdeki ürünlere bak ve yalnızca planladığın öğünler için miktarlı bir liste yap. Hafta sonunda neyin atıldığını ya da bozulduğunu not et; en çok israf olan ürün, nerede fazla aldığını gösterir. İkinci hafta o ürünlerin miktarını azalt ve plansız alım için küçük bir bütçe belirle. İki haftanın sonunda hedef kusursuz bir liste değil, atılan ürünlerin belirgin şekilde azalması."
open_ended_counterexample__020,rewritten,"Önce kampanyalı ürünlerin gerçekten kullanılıp kullanılmadığına bak: evde bitiyorsa sorun yok, bozuluyor ya da birikiyorsa asıl israf orada. Kampanyalı bir ürünü sepete koymadan önce “Bunu bu hafta hangi öğünde kullanacağım?” diye sor; cevabın yoksa alma. Deterjan ya da makarna gibi dayanıklı ürünlerde kampanyadan yararlanmak mantıklı olabilir, taze ürünlerde nadiren öyledir. Aç karnına alışverişe gitmemek de plansız alımı azaltır."
open_ended_counterexample__021,rewritten,"Ev işlerini günlük, haftalık ve seyrek diye ayır. Bulaşık ve toparlama gibi günlük işleri her gün 10-15 dakikada bitir; çamaşır ve banyo gibi haftalık işleri hafta içi iki akşama dağıt. Hafta sonuna yalnızca cam silmek ya da dolap düzenlemek gibi seyrek ve uzun işleri bırak, onları da her hafta değil sırayla yap."
open_ended_counterexample__022,rewritten,"Hafta sonu işleri uzun sürer, çünkü bir hafta boyunca birikir: dağınıklık büyüdükçe temizlemek hem daha uzun sürer hem de başlamak zorlaşır. Kısa ve tanımlı görevler birikmeyi önler; 15 dakikalık bir işe başlamak, yarım günlük bir işe başlamaktan çok daha kolaydır. Böylece hafta sonu ev işine gitmez, dinlenme günü olarak kalır."
open_ended_counterexample__023,rewritten,"Önce işleri günlük, haftalık ve seyrek diye ayır. İlk hafta yalnızca günlük işleri yerleştir; her akşam 10 dakikalık bir toparlama yeterli. Bu oturduktan sonra haftalık işleri hafta içi iki akşama dağıt. Seyrek işleri en son, ayda bir sırayla yapılacak şekilde planla. Hepsini aynı anda başlatmak, ilk yoğun haftada sistemi bırakmana yol açar."
open_ended_counterexample__024,rewritten,"Seanslar uzuyorsa ya görevler belirsizdir ya da süre gerçekçi değildir. Birkaç seans boyunca hangi işin uzadığını not et. “Mutfağı temizle” gibi geniş tanımları “tezgâhı sil, bulaşığı yerleştir” gibi bitiş noktası belli işlere çevir. Belli bir iş sürekli 15 dakikayı aşıyorsa onu kısa seansa sıkıştırma, hafta sonunun uzun işlerine taşı. Zamanlayıcı kurmak da işi farkında olmadan genişletmeni engeller."
open_ended_counterexample__025,rewritten,"Bir ay boyunca gerçekten giydiklerini dolabın bir tarafında topla. Bu parçalarla iş, günlük hayat ve özel günler için birkaç hazır kombin oluştur ve fotoğrafını çek; sabah karar vermek yerine birini seçersin. Hiç giymediğin parçaları hemen atma, ayrı bir kutuda beklet; birkaç ay aramazsan vedalaşabilirsin."
open_ended_counterexample__026,rewritten,"Dolap doluyken karar verememenin nedeni seçenek fazlalığıdır: her parçayı diğerleriyle nasıl eşleştireceğini sabah o anda düşünmen gerekir ve bu yorar. Hiç giymediğin parçalar da dolapta durup gözünün önündeki seçenekleri artırır. Hazır kombinler kararı önceden, sakin bir zamanda vermeni sağlar; sabah yalnızca seçersin. Giymediklerini ayırmak da bakman gereken parça sayısını azaltır."
open_ended_counterexample__027,rewritten,"Dolabın zaten doluysa sorun parça eksikliği değil, hangi parçaların birlikte işlediğini bilmemek. Bu yüzden önce mevcut kıyafetlerden hazır kombinler oluştur. Bu sırada somut bir eksik ortaya çıkabilir, örneğin birçok üste uyacak düz bir pantolon. Temel parça almak ancak o zaman anlamlıdır, çünkü neyi neden aldığını bilirsin."
open_ended_counterexample__028,rewritten,"Kombinlerin hava değişince işe yaramıyorsa sorun yöntemde değil, onları tek bir havaya göre hazırlamış olmanda. Kombinleri sıcak, ılık ve soğuk diye grupla. Her birine katmanlanabilen parçalar ekle: hırka, ince ceket ya da gömlek aynı kombini birkaç dereceye uyarlar. Sabah hava durumuna bakıp o gruptan seçmen yeterli olur."
open_ended_counterexample__029,rewritten,"İşe misafirin gerçekten fark edeceği bir-iki şeyi seçerek başla, örneğin sevdiği bir yemek ve derli toplu bir oturma alanı. Menüyü daha önce denediğin, önceden hazırlanabilen birkaç yemekle sınırla; tatlıyı ya da ekmeği hazır almakta sakınca yok. Misafir gelmeden önceki son yarım saati boş bırak, böylece misafirini yorgun değil hazır karşılarsın. İyi bir ağırlamayı çeşitlilik değil, ev sahibinin rahat olması belirler."
open_ended_counterexample__030,rewritten,"Asıl güçlük, hazırlığı misafirin gözünden değil kendi beklentinden ölçmendir: her şey kusursuz olsun diye yaptığın işlerin çoğunu misafir fark etmez bile. Bu da seni yorar ve misafir geldiğinde onunla ilgilenecek enerjin kalmaz. Hazırlığı azaltmanın yolu, gerçekten fark yaratacak bir-iki şeye odaklanıp gerisini sadeleştirmektir."
open_ended_counterexample__031,rewritten,"Burada seçim hız ile kalıcılık arasında değil, enerji meselesi: sorunun yorulmak olduğu için her şeyi sıfırdan yapmak bunu çözmez. En mantıklısı, keyif aldığın ya da misafirin en çok takdir edeceği bir-iki şeyi kendin yapıp tatlı, ekmek ya da meze gibi kısımları hazır almak. Kimse neyin ev yapımı olduğunu sorgulamaz, ama ev sahibinin yorgun olduğunu herkes fark eder."
open_ended_counterexample__032,rewritten,İlk gün bir sonraki misafirlik için yalnızca iki şey seç: fark edilecek bir ayrıntı ve iyi yaptığın bir yemek. İlk hafta menünün geri kalanını sadeleştir; hazır alınabilecekleri belirle ve yapılacakları misafirden önceki güne yay. Devamında her misafirlikten sonra “hangisi boşuna yormuştu?” diye kısa bir not al; birkaç seferde seni yormayan bir düzen oluşur.
open_ended_counterexample__033,rewritten,"Telefonun en çok nerede ve günün hangi saatinde şarjsız kaldığını gözlemle. Telefonu en çok bıraktığın yere (yatak başı, çalışma masası) kalıcı bir kablo koy; şarj etmek tek hareketle yapılabildiğinde unutulmaz. Buna sabit bir an ekle: her gece yatarken ya da eve gelince takmak gibi. Hatırlamaya dayanan çözümler çabuk bozulur, ortam ve rutin ise alışkanlığı otomatikleştirir."
open_ended_counterexample__034,rewritten,"Sorun evde yaşandığı için powerbank taşımak onu çözmez, sadece sonucunu idare eder; üstelik powerbank'i şarj etmeyi de hatırlaman gerekir. Telefonu en çok kullandığın yerlere kablo koymak ise şarjı hatırlamaya gerek bırakmadan alışkanlığa bağlar. Powerbank'i dışarıda uzun geçecek günler için yedek olarak tut."
open_ended_counterexample__035,rewritten,İlk hafta telefonun nerede ve hangi saatte şarjsız kaldığını not et ve o noktaya kalıcı bir kablo bırak. İkinci hafta buna sabit bir an ekle; yatmadan önce ya da eve gelince takmak gibi. İki haftanın sonunda telefon hâlâ şarjsız kalıyorsa bunun hangi durumda olduğuna bak; genellikle belli bir gün ya da alışılmışın dışındaki bir durumdur ve tek bir küçük düzeltmeyle çözülür.
open_ended_counterexample__036,rewritten,"Kablo yanındayken bile unutuyorsan sorun erişim değil, takma anının belirsiz olması. Telefonu hangi durumlarda takmadığına bak: yorgun yattığın geceler mi, telefonu elinde kullanırken mi? Takmayı zaten her gün yaptığın bir işe bağla, örneğin alarmı kurarken ya da ışığı kapatmadan önce. Kablonun telefonu bıraktığın noktaya rahatça yetiştiğinden de emin ol; kısa ya da uzanılması zor bir kablo takmayı ertelemene yol açar."
open_ended_counterexample__037,rewritten,"Ayıklamayı taşınma gününe bırakma; az kullandığın kategorilerden başla (kitaplar, dekor, mevsim dışı kıyafetler) ve günlük kullandığın eşyaları en sona bırak. Her gün tek bir kategoriye 30-45 dakika ayır; böylece iş hem küçük kalır hem düzenli ilerler. Her kutuya içindekileri ve gideceği odayı yaz, yeni evde açarken çok zaman kazandırır."
open_ended_counterexample__038,rewritten,"Ayıklama yorucudur, çünkü her eşya için “kalsın mı, gitsin mi” diye karar vermen gerekir ve bu kararlar birikince tükenirsin. Kategori bazlı ilerlemek benzer eşyaları yan yana görmeni sağlar; aynı işi gören beş eşyadan hangisini tutacağına karar vermek kolaylaşır. Kullanılmayanlardan başlamak da hem hızlı bir ilerleme hissi verir hem de paketlenecek eşya miktarını baştan azaltır."
open_ended_counterexample__039,rewritten,"Önce en az kullandığın eşyalarla başla: mevsim dışı kıyafetler, kitaplar, dekor. Her gün bir kategoriyi ayıklayıp hemen paketle; ayıklama ve paketleme aynı kategoride birlikte yapılırsa aynı eşyayı iki kez ele almazsın. Mutfak ve banyo gibi her gün kullanılanları taşınmadan önceki son birkaç güne bırak. Her kutuya içeriği ve gideceği odayı yazmak, yeni evdeki açma işini de kolaylaştırır."
open_ended_counterexample__040,rewritten,"Neyin nerede olduğunu kaybediyorsan kutular muhtemelen karışık doluyor ya da üzerlerindeki yazılar çok genel. Her kutuyu tek bir odanın eşyalarıyla doldur ve üzerine “mutfak” yerine “mutfak – tabaklar, bardaklar” gibi kısa bir içerik yaz. Kutulara numara verip telefonunda basit bir liste tutmak da işe yarar. Yeni evde ilk gün gerekecekleri (şarj aleti, havlu, temel mutfak eşyası) ayrı bir kutuya koy ve belirgin şekilde işaretle."
open_ended_counterexample__041,rewritten,"Her gün az sayıda kelime seç, 5-10 tane yeterli. Her kelimeyle kendi hayatından bir cümle kur; sana bir anlam ifade eden cümleler daha iyi akılda kalır. Tekrarları giderek uzayan aralıklarla yap (ertesi gün, üç gün, bir hafta sonra); Anki gibi bir uygulama bunu senin için planlayabilir. Tekrar ederken anlama bakmadan önce hatırlamaya çalış, çünkü kalıcılığı sağlayan şey hatırlama çabasıdır."
open_ended_counterexample__042,rewritten,"Kelimeleri unutmanın nedeni, beynin kullanılmayan bilgiyi zamanla bırakmasıdır; tekrar edilmeyen bir kelime birkaç günde büyük ölçüde kaybolur. Aralıklı tekrar, kelimeyi tam unutmak üzereyken yeniden çağırır ve her seferinde daha uzun süre kalmasını sağlar. Kelimeyi kendi cümlende kullanmak da onu bildiğin şeylere bağlar, böylece hatırlamak için daha çok ipucun olur. İkisinin ortak noktası, pasif okumak yerine aktif hatırlamaya dayanmalarıdır."
open_ended_counterexample__043,rewritten,"Amacın kalıcı öğrenmekse cevap net: aralıklı tekrar ve kısa cümleler. Uzun listeleri ezberlemek kısa vadede verimli görünür, ama tekrar edilmeyen kelimelerin çoğu birkaç gün içinde unutulur. Aralıklı tekrarda günde daha az kelimeyle ilerlersin ama öğrendiklerin kalır; bu da sonunda daha fazla kelime demektir."
open_ended_counterexample__044,rewritten,"Kartlarda tanıyıp konuşurken hatırlayamaman normal: tanımak ile kullanmak farklı beceriler ve sen şu an yalnızca tanımayı çalışıyorsun. Kartları ters çevir: Türkçe anlamı gör, yabancı kelimeyi söylemeye çalış. Her kelimeyle kendi hayatından bir cümle kur ve yüksek sesle söyle. Günde birkaç dakika kendi kendine konuşmak ya da kısa bir günlük yazmak, kelimeleri gerçek bir bağlamda kullanmanı sağlar."
open_ended_counterexample__045,rewritten,"Videoyu kısa bölümler hâlinde izle ve her bölümden sonra durdur. Ekrana bakmadan ana fikri kendi cümlelerinle anlatmaya çalış; takıldığın yer, aslında anlamadığın yerdir. Sonra konuyla ilgili küçük bir örneği kendin çöz ya da üret. İzlerken her şey tanıdık gelir, ama öğrendiğini gösteren şey onu tek başına yapabilmendir."
open_ended_counterexample__046,rewritten,"Asıl güçlük, izlerken oluşan “anladım” hissinin yanıltıcı olmasıdır: birinin çözümünü takip etmek, aynı şeyi kendin yapmaktan çok daha kolaydır. Video izlemek pasif bir etkinlik, bilgiyi kullanabilmek ise onu hatırlayıp uygulamayı gerektirir. Bu açığı kapatmak için her bölümden sonra durup konuyu kendi cümlelerinle anlat ve küçük bir örnek çöz."
open_ended_counterexample__047,rewritten,"Asıl sorunun konuyu kullanamamak olduğu için videoları hızlı bitirmek bunu çözmez, sadece aynı eksiği daha çabuk biriktirir. Her bölümden sonra küçük bir uygulama yapmak daha yavaştır ama öğrendiğini gerçekten kullanabilmeni sağlar. Zamanın kısıtlıysa ikisini birleştir: videoları biraz hızlı izle ama her bölümden sonra 5-10 dakikalık bir alıştırma yap. İşe yarayıp yaramadığını, videoya bakmadan konuyu kendi cümlelerinle anlatıp basit bir örnek çözebildiğinde anlarsın."
open_ended_counterexample__048,rewritten,"İlk gün bir videoyu kısa bölümlere ayırarak izle ve her bölümden sonra ana fikri ekrana bakmadan kendi cümlelerinle anlat. İlk hafta buna her bölüm için küçük bir alıştırma ekle; kurs alıştırma vermiyorsa kendin basit bir örnek uydur. Devamında ilerlemeni izlediğin video sayısıyla değil, videoya bakmadan çözebildiğin örneklerle ölç ve birkaç haftada bir eski konulara dönüp hâlâ yapabildiğini kontrol et."
open_ended_counterexample__049,rewritten,Her bölüm için önce o bölümün cevapladığı 2-3 temel soruyu yaz. Notunu bu soruların cevaplarıyla sınırla ve kitaptaki cümleleri kopyalamak yerine kendi cümlelerinle yaz. Anlamadığın noktaları ayrıca işaretle ve sonra onlara dön. Sınava yakın notlarını okumak yerine soruları kendine sorarak tekrar et; bu hem daha hızlıdır hem de eksiklerini gösterir.
open_ended_counterexample__050,rewritten,"Her ayrıntıyı yeniden yazmak aslında hızlı değil, en uzun yol; üstelik yazarken seçim yapmadığın için az şey akılda kalır. Sorular ve bağlantılar üzerinden kısa not çıkarmak neyin önemli olduğuna karar vermeni gerektirir ve öğrenmeyi sağlayan da bu seçimdir. Kısa notlar tekrar sırasında da işini kolaylaştırır. Formül, tarih ya da tanım gibi ezber gerektiren ayrıntıları ise ayrı bir listede topla."
open_ended_counterexample__051,rewritten,"İlk hafta her bölüm için önce 2-3 temel soru yaz ve notunu yalnızca bu soruların cevaplarıyla sınırla. Anlamadığın noktaları ayrı bir sayfada topla. İkinci hafta notlarını baştan okumak yerine soruları kendine sor, cevaplayamadıklarını işaretle ve yalnızca onlara dön. Böylece hem notların kısalır hem de sınava kadar hangi konunun eksik olduğunu bilirsin."
open_ended_counterexample__052,rewritten,"Kısaltmaktan korkmanın nedeni genellikle notları tek kaynak gibi görmendir, oysa kitap hâlâ elinde. Nota yalnızca bölümün temel sorularının cevaplarını yaz, ayrıntılar için sayfa numarası bırak. Birkaç bölümde bu yöntemi dene ve kısa notlarla soruları cevaplayıp cevaplayamadığına bak. Cevaplayamadığın bir soru çıkarsa eksik olan ayrıntı odur, onu ekle; geri kalan ayrıntıların notta olmasına gerek yok."
open_ended_counterexample__053,rewritten,"Kitabı haftalık küçük bölümlere ayır ve her oturumun sonunda öğrendiğin tek bir kavramı dene: kod yaz, problem çöz ya da kısa bir özet çıkar. Bir gün kaçırırsan telafi etmeye çalışma, kaldığın yerden devam et; biriken borç hissi kitabı bırakmanın en sık nedenidir. Zor bir bölümde tıkanırsan işaretleyip geç, ilerideki bölümler onu çoğu zaman açıklar."
open_ended_counterexample__054,rewritten,"Teknik kitaplarda ilerleme sayfa sayısından değil, kavramları kullanabilmekten gelir; okuyup uygulamadığın bir kavram birkaç gün sonra kaybolur ve sonraki bölümleri anlamanı zorlaştırır. Günlük kısa okuma, önceki bölümü unutmadan devam etmeni sağlar. Uygulama ise kavramı gerçekten anlayıp anlamadığını hemen gösterir. Uzun ve seyrek okumalarda hem daha çok şey unutursun hem de kitabı bırakma ihtimalin artar."
open_ended_counterexample__055,rewritten,"Önce kitabı haftalık küçük bölümlere ayır ve günde 20-30 dakikalık sabit bir okuma zamanı belirle. İlk hafta sadece bu ritmi oturt. Sonra her oturumun sonuna, öğrendiğin bir kavramı denediğin beş dakika ekle. Bir gün kaçırırsan telafi etmeye çalışma, kaldığın yerden devam et; bu düzende sürekli olmak eksiksiz olmaktan daha önemli."
open_ended_counterexample__056,rewritten,"Zor bölümlerde ara vermenin nedeni, o bölümün her seferinde “bugün bunu bitiremem” hissi vermesidir. Önce nerede tıkandığına bak: ön bilgi mi eksik, yoksa bölüm sadece yoğun mu? Ön bilgi eksikse o konuyu kısa bir kaynaktan tamamla. Yoğunluksa oturum hedefini sayfa yerine tek bir alt başlığa indir; bazen bölümü tam anlamadan geçmek de işe yarar, çünkü sonraki örnekler onu açıklar."
open_ended_counterexample__057,rewritten,"Teslimi küçük ara çıktılara böl ve her birinin sahibini, tarihini ve nasıl görünmesi gerektiğini yazın. Kimin işinin kimin işine bağlı olduğunu da belirtin; böylece bir gecikme erken fark edilir. Haftada bir 15 dakikalık kısa bir kontrolde kimin ilerlediğine, kimin takıldığına bakıp işleri yeniden dağıtın. Eşit sayıda görev her zaman eşit emek demek değildir."
open_ended_counterexample__058,rewritten,"Farklı hızlar tek başına sorun değil; sorun, gecikmenin ancak teslime yakın fark edilmesi. Görevler büyük ve belirsizse kimse işin nerede olduğunu bilmez ve bir kişinin gecikmesi herkesi bekletir. Küçük ara çıktılar ve görünür bağımlılıklar gecikmeyi erken ortaya çıkarır. Görevleri zorluk ve müsaitliğe göre dağıtmak da yükü görev sayısı yerine gerçek emek üzerinden dengeler."
open_ended_counterexample__059,rewritten,Eşit sayıda görev adil görünür ama görevlerin zorluğu eşit olmadığı için genellikle adil değildir; biri iki saatlik bir iş alırken diğeri iki günlük bir iş alabilir. Görevleri zorluk ve müsaitliğe göre dağıtmak biraz daha çok konuşma gerektirir ama gerçek yükü dengeler. Dağılımı herkesin görebileceği bir yerde tutun ki kimse haksızlığa uğradığını düşünmesin.
open_ended_counterexample__060,rewritten,"Bir kişinin gecikmesi herkesi bekletiyorsa sorun hızdan çok bağımlılıkta. Önce hangi görevlerin birbirine bağlı olduğunu çıkarın ve başkalarının beklediği işlere erken tarihli ara çıktılar koyun. Bu işleri öncelikli hâle getirin ve sahibine gerekirse destek verin. Mümkünse bağımlılığı azaltın: diğerleri taslak ya da örnek veriyle çalışmaya başlayabilir, gerçek parça gelince yerine koyulur."
open_ended_counterexample__061,rewritten,"Önce öğrenmek istediğin beceriyi tek cümleyle tanımla, örneğin “basit veri analizi yapabilmek”. Buna uygun bir ana kaynak seç ve iki hafta boyunca ona bağlı kal. Belirli bir konuda takılırsan yardımcı kaynağa yalnızca o konu için bak, sonra ana kaynağa dön. Kaynak değiştirmek ilerleme hissi verir, ama her seferinde aynı temel konuları baştan tekrarlarsın."
open_ended_counterexample__062,rewritten,"Asıl güçlük, her yeni kaynağın başta kolay ve tanıdık gelmesidir: temel konuları yeniden okumak ilerliyormuş hissi verir, zor kısma gelince de yeni kaynak aramaya başlarsın. Böylece hep baştan başlar, asıl öğrenmenin gerçekleştiği zor kısımlara hiç ulaşamazsın. Bunu azaltmak için tek bir ana kaynakla belli bir süre ilerle; zorlandığında kaynağı değil, yalnızca o konunun açıklamasını başka yerden bul."
open_ended_counterexample__063,rewritten,"Bunlar aslında birbirinin alternatifi değil: en çok önerilen kaynağı seçip ona bağlı kalmak da tek ana kaynak yaklaşımıdır. Asıl sorun hangi kaynağı seçtiğin değil, sürekli değiştirmen. İyi bir kaynak seç ama seçime fazla zaman harcama; iyi kaynaklar arasındaki fark, sürekli değiştirmenin maliyetinden azdır. Yardımcı kaynağı da yalnızca ana kaynakta anlamadığın belirli bir konu için kullan."
open_ended_counterexample__064,rewritten,"İlk gün öğrenmek istediğin beceriyi tek cümleyle yaz ve buna uygun bir ana kaynak seç. İlk hafta sadece o kaynakla ilerle; takıldığın yerleri not et ama kaynak değiştirme. Devamında notlarındaki belirli eksikler için yardımcı kaynağa bak, sonra ana kaynağa dön. Kaynağı değiştirmek istediğinde önce onunla neler yapabildiğine bak; ilerleme varsa sorun kaynakta değildir."
open_ended_counterexample__065,rewritten,"Anlatmaya başlamadan önce konunun ana fikrini tek cümleyle söyleyebildiğinden emin ol; söyleyemiyorsan dağılmanın nedeni budur. Önce bu ana fikri söyle, sonra onu gösteren tek bir somut örnek ver. Ayrıntıları ancak karşındaki sorarsa ya da gerçekten gerekliyse ekle. Sonunda karşındakine ne anladığını sor; bu, neyin eksik kaldığını gösterir."
open_ended_counterexample__066,rewritten,"Çok ayrıntı vermek eksiksiz görünür, ama dinleyici neyin önemli olduğunu bilmediği için ana fikri kaçırır. Önce ana fikri ve bir örneği vermek, dinleyicinin ayrıntıları yerleştirebileceği bir çerçeve kurar. Bu yüzden çoğu durumda ikinci yol daha iyi. Karşındaki konuya zaten hâkimse ve özellikle ayrıntı istiyorsa daha derine inmek anlamlı olabilir."
open_ended_counterexample__067,unchanged,
open_ended_counterexample__068,rewritten,"Yan konulara saptığın anları birkaç kez gözlemle; genellikle belli bir noktada olur, örneğin bir terimi açıklarken ya da aklına bir örnek geldiğinde. Anlatmaya başlamadan önce ana fikri ve değineceğin 2-3 noktayı kısaca not et; dağıldığında bu senin yol haritan olur. Aklına ilginç bir yan konu gelirse “buna sonra döneriz” deyip ana konuya devam et."
open_ended_counterexample__069,rewritten,"Farklı konulardan birkaç temel soru çözerek başla. Hatalarını “konuyu bilmiyorum” ve “işlem hatası yaptım” diye ayır; ilki için konu tekrarı, ikincisi için daha dikkatli pratik gerekir. Önce en temel eksiklere odaklan, çünkü sonraki konular onların üzerine kurulur. Her gün az ama düzenli çalışmak, aradan sonra yeniden alışmayı kolaylaştırır."
open_ended_counterexample__070,rewritten,"Uzun aradan sonra her şeyi unutmuş olmazsın; bazı konular hâlâ yerindedir, bazıları kaybolmuştur. Tüm müfredatı baştan çalışmak bildiklerine de zaman harcatır ve seni yorar. Kısa bir seviye taraması nerede eksik olduğunu gösterir, böylece zamanını gerçekten gereken yere harcarsın. Matematikte konular birbirine bağlı olduğundan temel eksikleri önce kapatmak sonrakileri de kolaylaştırır."
open_ended_counterexample__071,rewritten,"Önce farklı konulardan birkaç temel soru çözerek nerede olduğunu gör. Sonra hatalarını ikiye ayır: konu bilgisi mi eksik, yoksa işlem hatası mı? En temel konu eksiğinden başla, çünkü sonraki konular onun üzerine kurulur. Her gün kısa ama düzenli çalış ve bir konu oturmadan sonrakine geçme."
open_ended_counterexample__072,rewritten,"Kolay sorulardaki işlem hataları genellikle bilgi eksikliği değil, dikkat ve pratik eksikliğidir; uzun aradan sonra bu çok normal. Birkaç soruda hatalarının nerede olduğuna bak: işaret hatası mı, sadeleştirme mi, dikkatsizlik mi? Genellikle bir-iki tür hata tekrar eder. Bunlar için soruyu bitirince kontrol etme alışkanlığı edin. Motivasyon için de doğru sayısını değil, aynı hatayı daha az yaptığını takip et."
open_ended_counterexample__073,rewritten,"Araştırmaya başlamadan önce sunumun cevaplayacağı üç soruyu yaz. Her soru için en fazla iki güvenilir kaynak aç ve bir soruyu bitirmeden sonrakine geçme. Bulduğun bilgiyi sekmede bırakmak yerine hemen ilgili slayt taslağına kısa bir not ve kaynağıyla ekle, sonra sekmeyi kapat. Açık sekmeler bir süre sonra birer yapılacak işe dönüşür ve seni yavaşlatır."
open_ended_counterexample__074,rewritten,"Çok sekme açılmasının nedeni, neyi aradığını bilmeden araştırmaktır: her kaynak başka ilginç bağlantılar gösterir ve hangisinin gerekli olduğuna karar veremediğin için hepsini açık tutarsın. Böylece çok bilgi toplarsın ama sunum ilerlemez. Önce cevaplanacak soruları belirlemek, her kaynağı “bu soruya yardım ediyor mu?” diye değerlendirmeni sağlar. Bilgiyi hemen slayta işlemek de sekmeyi gönül rahatlığıyla kapatabilmeni sağlar."
open_ended_counterexample__075,rewritten,"Çok kaynak toplamak kolay görünür, ama asıl iş o kaynakları okuyup ayıklamak olduğu için sonradan daha çok zaman alır. Sorulara göre sınırlı kaynak taramak hem zamanını korur hem de sunumun odaklı kalmasını sağlar. Konuyu hiç bilmiyorsan başta kısa bir genel tarama yapabilirsin, ama bunu sadece soruları belirlemek için kullan."
open_ended_counterexample__076,rewritten,"Kaynakları okuyup taslak oluşmuyorsa okuma ile yazma birbirinden kopuk demektir. Önce sunumun iskeletini çıkar: cevaplayacağın üç soru ve her biri için bir slayt başlığı. Sonra her kaynağı okurken bulduğunu hemen ilgili slayta bir-iki cümleyle yaz. Eksik de olsa erken yazmaya başlamak, neyi daha araştırman gerektiğini de gösterir."
open_ended_counterexample__077,rewritten,"Haftalık küçük bir performans görevi belirle: öğrendiğin şeyle yapılabilecek somut bir iş, örneğin kısa bir metin yazmak ya da bir problem çözmek. Her hafta benzer bir görevi yap ve sonuçları aynı ölçütle karşılaştır. Zorlandığın noktayı gelecek haftanın odağı yap. Çalışılan saat çabayı gösterir; ilerlemeyi ise neyi yapabildiğin gösterir."
open_ended_counterexample__078,rewritten,"Asıl güçlük, kendi kendine öğrenirken dışarıdan bir değerlendirme olmamasıdır: öğretmen ya da sınav olmadığı için ilerlemeyi çalıştığın süreyle ölçersin, oysa süre yalnızca çabayı gösterir. Bu yüzden çok çalıştığın hâlde ilerlemediğini düşünebilir ya da tersine, ilerlediğini sanabilirsin. Çözüm, düzenli olarak aynı türden somut bir görev yapıp sonuçlarını karşılaştırmaktır."
open_ended_counterexample__079,rewritten,"Amaç ilerlemeyi ölçmekse cevap net: saat takibi ilerlemeyi ölçmez, yalnızca çalışıp çalışmadığını gösterir. Çıktıları ve çözebildiğin görevleri izlemek biraz daha çaba ister ama gerçek beceri artışını gösterir. İkisini birlikte de kullanabilirsin: saat takibi düzenli çalışıp çalışmadığını, çıktı takibi ise bu çalışmanın işe yarayıp yaramadığını gösterir."
open_ended_counterexample__080,rewritten,İlk gün öğrendiğin konuyla yapılabilecek küçük bir görev belirle ve hemen bir kez dene; bu senin başlangıç noktan olur. İlk haftanın sonunda aynı türden bir görevi tekrar yap ve sonucu ilkiyle aynı ölçütle karşılaştır. Devamında bunu her hafta tekrarla ve zorlandığın noktayı sonraki haftanın odağı yap; birkaç hafta sonra ilerlemeni somut olarak görürsün.
open_ended_counterexample__081,rewritten,"Toplantıdan önce gündeme bak ve katkı verebileceğin bir soru ya da gözlem hazırla. Konuşurken ne gözlemlediğini ve ne önerdiğini ayırarak söyle; böylece katkın daha net anlaşılır. Toplantıda söyleyemediğin bir şey olursa sonra kısa bir mesajla ekle. Katılımının değeri ne kadar konuştuğundan değil, kararın netleşmesine ne kadar yardım ettiğinden gelir."
open_ended_counterexample__082,rewritten,"Yeni bir ekipte her fırsatta görüş bildirmek, bağlamı bilmeden konuştuğun için katkını zayıflatabilir. Yalnızca somut bir katkın olduğunda konuşmak ise uzun süre sessiz kalıp görünmez olmana yol açabilir. En iyisi arada bir yol: ilk haftalarda bağlamı öğrenmek için dinle, ama anlamadığın şeyleri sormaktan çekinme. Sorular hem öğrenmeni hızlandırır hem de katılımını gösterir."
open_ended_counterexample__083,rewritten,İlk hafta her toplantıdan önce gündeme bakıp bir soru hazırla ve toplantıda en az bir kez söz al; soru sormak yeni biri için en kolay başlangıçtır. Ekipte kimin ne zaman konuştuğunu ve hangi katkıların işe yaradığını da gözlemle. İkinci hafta buna somut gözlem ve öneriler ekle. Toplantıda söyleyemediklerini sonrasında kısa bir mesajla paylaş.
open_ended_counterexample__084,rewritten,"Söz almak için beklerken konu değişiyorsa büyük ihtimalle “doğru anı” bekliyorsun. Birkaç toplantıda neyi beklediğini gözlemle: fikrini mükemmelleştirmeye mi çalışıyorsun, yoksa araya girmekten mi çekiniyorsun? Fikrin aklına geldiğinde kısa bir cümleyle söze gir: “Buna bir şey ekleyebilir miyim?” Gündemi önceden okuyup söyleyeceklerini hazırlamak da hızlı konuşmanı kolaylaştırır."
open_ended_counterexample__085,rewritten,"Görevi aldıktan sonra anladığın çıktıyı kendi cümlenle özetle ve teyit iste: “Şunu, şu tarihe kadar, şu öncelikle istiyorsun, doğru mu?” Teslim tarihini ve diğer işlere göre önceliğini de netleştir. İşin küçük bir ilk örneğini erken paylaş; yanlış anladığın bir yer varsa fazla emek harcamadan ortaya çıkar. Bunu her belirsiz görevde yaparsan yöneticin de zamanla daha net görev vermeye başlar."
open_ended_counterexample__086,rewritten,"Belirsiz bir görevdeki en büyük risk, yanlış yönde uzun süre çalışmaktır: başta beş dakikalık bir soru, sonradan günler sürecek bir düzeltmeyi önleyebilir. Kapsam neyin dahil olduğunu, başarı ölçütü ise işin ne zaman bitmiş sayılacağını gösterir. Bu ikisi netleşince hem nerede duracağını bilirsin hem de yöneticinin beklentisiyle yaptığın iş arasındaki fark kapanır."
open_ended_counterexample__087,rewritten,"Önce görevi aldığında anladığın çıktıyı kendi cümlenle özetleyip teyit iste; en kısa ve en etkili adım budur. Sonra teslim tarihini ve önceliği netleştir, özellikle elinde başka işler de varsa. Son olarak işin küçük bir ilk örneğini erken paylaş. Bu üç adımı her yeni görevde sırayla uygulamak, beklentiyle yaptığın iş arasındaki farkı erkenden kapatır."
open_ended_counterexample__088,rewritten,"Soru sormak yerine anladığını kendi cümlenle özetleyip teyit iste: “Şunu, cumaya kadar, öncelikli olarak bekliyorsun, doğru mu?” Bu seni yetersiz değil, dikkatli gösterir. İşin küçük bir ilk örneğini erken paylaş; yanlış anladığın bir yer varsa fazla emek harcamadan ortaya çıkar. Hatanın nerede olduğunu görmek için de aldığın düzeltmelere bak: hep aynı noktada mı (kapsam, format, öncelik, tarih) toplanıyor?"
open_ended_counterexample__089,rewritten,Mesajda ihtiyacın olan şeyi ilk cümlede ve tek bir soru olarak yaz. Neden ve ne zamana kadar gerektiğini ekle: “Cuma teslimi için perşembe öğlene kadar onayın lazım.” Acil değilse makul bir süre tanı; gerçekten acilse mesaj yerine kısa bir arama daha iyi işler. İnsanlar gecikmenin neye yol açtığını bilmediğinde mesajı genellikle ertelerler.
open_ended_counterexample__090,rewritten,"Asıl neden çoğu zaman ilgisizlik değil, önceliklendirmedir: iş arkadaşın mesajının neye bağlı olduğunu ve ne zaman gerektiğini bilmediğinde onu acil olmayan işlerin arasına koyar. Uzun ya da net bir soru içermeyen mesajlar da “sonra bakarım” diye ertelenir. Beklenen zamanı ve bağımlılığı açıkça yazmak, mesajının önemini anlamasını ve kolayca cevap verebilmesini sağlar."
open_ended_counterexample__091,rewritten,Sık hatırlatma kısa vadede cevap getirebilir ama gerginlik yaratır ve zamanla etkisini yitirir. Beklenen zamanı ve bağımlılığı baştan belirtmek hatırlatma ihtiyacını azaltır ve karşı tarafa baskı değil bilgi verir. Önce bunu dene; belirttiğin süre geçtiyse tek ve nazik bir hatırlatma yeterli.
open_ended_counterexample__092,rewritten,"Hatırlatmalar gerginliği artırıyorsa hatırlatmayı sıklaştırmak yerine bir adım geri çekil. Önce ilk mesajını gözden geçir: ne istediğin, neden ve ne zamana kadar gerektiği açık mı? Değilse bunları netleştirip bir kez yeniden yaz. Sorun sürüyorsa kısa bir yüz yüze ya da telefon görüşmesi iste; belki iş yükü fazladır ya da başka bir sorun vardır ve bunu yazışarak anlamak zordur."
open_ended_counterexample__093,rewritten,"Dönem boyunca yaptığın işlerden en etkili üç örneği seç. Her biri için sorunun ne olduğunu, senin ne yaptığını ve sonucunu kısaca yaz; mümkünse sonucu sayıyla göster. Ekip işlerinde kendi kararını ya da katkını açıkça belirt. Görev listesi ne kadar çalıştığını gösterir, örnekler ise işinin neden değerli olduğunu."
open_ended_counterexample__094,rewritten,"Asıl güçlük, yaptığın işi görev olarak anlatmaktır: “şu raporu hazırladım” demek, işin ne kadar zor olduğunu ya da neyi değiştirdiğini göstermez. Yöneticin bağlamı ve etkiyi görmediğinde katkını değerlendirmekte zorlanır. Bunu azaltmak için birkaç güçlü örneği sorun, eylem ve sonuç üzerinden anlat. Dönem boyunca önemli işlerini kısaca not etmek de görüşme öncesi hatırlamayı kolaylaştırır."
open_ended_counterexample__095,rewritten,"Performans görüşmesinde sorun, eylem ve etki bağlantısıyla örnek vermek neredeyse her zaman daha iyi. Görev listesi hazırlamak kolaydır ama her şey aynı ağırlıkta görünür ve önemli işlerin arada kaybolur. İyi bir yol: iki-üç güçlü örneği ayrıntılı anlat, geri kalan işleri kısa bir liste olarak ekle. Zamanın kısıtlıysa en azından bir örneği bu şekilde hazırla."
open_ended_counterexample__096,rewritten,"İlk gün dönem boyunca yaptığın işleri listele ve en etkili üç örneği seç. İlk hafta her biri için sorunu, senin katkını ve sonucunu yaz; mümkünse sonucu sayıyla ya da somut bir değişiklikle göster. Devamında önemli işlerini yaptıkça kısaca not etmeye başla; bir sonraki görüşmenin hazırlığı çok daha kolay olur."
open_ended_counterexample__097,rewritten,"Takviminde haftada iki-üç odak bloğunu önceden kapat ve bunları gerçek bir toplantı gibi koru. Her davette senden beklenen katkıyı kontrol et; katkın yoksa ya da yalnızca bilgi alacaksan toplantı notlarını istemeyi öner. Toplantıları mümkün olduğunca günün belli saatlerinde topla, böylece aralarda da odaklanabileceğin zaman kalır."
open_ended_counterexample__098,rewritten,"Çoğu toplantıyı reddetmek kısa vadede zaman kazandırır ama ekip içindeki ilişkiye ve bilgi akışına zarar verebilir. Amacı belirsiz toplantıları sorgulayıp odak blokları ayırmak ise hem zamanını korur hem de iş birliğini bozmaz. Bu yüzden ikinci yol daha mantıklı. Doğrudan reddetmek yerine “Buna katılmam gerekiyor mu, yoksa notlar yeterli mi?” diye sormak da çoğu zaman aynı sonucu verir."
open_ended_counterexample__099,rewritten,"İlk hafta takviminde iki odak bloğunu kapat ve gelen davetlerde senden beklenen katkıyı kontrol et. Hangi toplantılarda gerçekten gerekli olduğunu, hangilerinde yalnızca dinlediğini not et. İkinci hafta sadece dinlediğin toplantılar için yazılı güncelleme ya da notları istemeyi öner. İki haftanın sonunda odak bloklarının korunup korunmadığına bakıp gerekirse sayılarını ya da saatlerini ayarla."
open_ended_counterexample__100,rewritten,Ekip odak bloğunun üzerine toplantı koyuyorsa büyük ihtimalle blok takvimde “meşgul” görünmüyor ya da ne olduğu anlaşılmıyor. Bloğu meşgul olarak işaretle ve adına “Odak zamanı – acil değilse başka saat” gibi açık bir not yaz. Ekibe de hangi saatlerde odaklandığını kısaca söyle. Bu da yetmezse bloğu toplantı talebinin en az olduğu saatlere taşı.
open_ended_counterexample__101,rewritten,"Hatayı fark eder etmez, başkası fark etmeden önce bildir. Ne olduğunu ve etkisini anlatırken kesin bildiklerini ve henüz bilmediklerini ayır. Hemen yapılacak düzeltmeyi ve tekrarını önleyecek somut adımı, kimin yapacağıyla birlikte ekle. Uzun özür ya da savunma yerine çözüme odaklanmak güveni daha iyi korur."
open_ended_counterexample__102,rewritten,"Bir hata açıklandığında insanlar asıl olarak iki şeyi merak eder: nasıl etkilendiklerini ve durumun kontrol altında olup olmadığını. Etkiyi, nedeni ve düzeltici adımı açıkça paylaşmak bu soruları cevaplar ve konuyu hızla çözüme taşır. Aşırı savunma ya da belirsizlik ise insanların nedeni ve niyeti sorgulamasına yol açar, bu da güveni hatanın kendisinden daha çok zedeler."
open_ended_counterexample__103,rewritten,"Önce hatayı fark eder etmez ekibe kısaca bildir; gecikmek güveni hatadan daha çok zedeler. Sonra ne olduğunu ve etkisini anlatırken kesin bildiklerinle tahminlerini ayır. Son olarak hemen yapılacak düzeltmeyi ve tekrarını önleyecek değişikliği, kimin yapacağıyla birlikte belirt. Bu sıra hem sorumluluk almanı hem de konuyu hızla çözüme taşımanı sağlar."
open_ended_counterexample__104,rewritten,"Kendini fazla suçlamak sorumluluk almakla aynı şey değil; dikkati çözümden uzaklaştırır ve karşındakini seni rahatlatmak zorunda bırakır. Açıklamanı yazdıktan sonra bir kez oku: kaç cümle özür ya da özeleştiri, kaç cümle olan biten ve çözüm hakkında? Özrü tek bir cümleye indir. Geri kalanında ne olduğunu, etkisini ve düzeltmek için ne yapacağını anlat."
open_ended_counterexample__105,rewritten,"Talebini ilk cümlede iş sonucu olarak yaz: neyin neden gerektiğini söyle. Sonra karşı ekibin ihtiyaç duyacağı bilgileri ekle: girdiler, sınırlar ve son tarih. Bitmiş işin nasıl görüneceğini bir örnek ya da kabul ölçütüyle göster. Karşı ekip nedeni ve beklenen sonucu gördüğünde ayrıntılar arasında neyin önemli olduğunu kaçırmaz."
open_ended_counterexample__106,rewritten,"Asıl güçlük, karşı ekibin senin bağlamını bilmemesidir: talebin neden önemli olduğunu ve bittiğinde nasıl görüneceğini bilmezse ayrıntılar arasında kaybolur ya da yanlış şeyi önceliklendirir. Amacı, kapsamı ve kabul ölçütünü kısaca vermek bu boşluğu doldurur. Karşı ekip neyin istendiğini ve işin ne zaman bitmiş sayılacağını bildiğinde daha az soru sorar ve yanlış anlaşılma azalır."
open_ended_counterexample__107,rewritten,"Amacı, kapsamı ve kabul ölçütünü kısaca vermek neredeyse her zaman daha iyi. Uzun bir teknik geçmiş eksiksiz görünür ama asıl talebi gizler ve karşı ekip neyin önemli olduğunu kendisi ayıklamak zorunda kalır. Teknik ayrıntılar gerçekten gerekliyse onları mesajın sonuna ya da ayrı bir belgeye koy; karşı ekip ihtiyaç duyduğunda bakar."
open_ended_counterexample__108,rewritten,Asıl istek gözden kaçıyorsa mesajın büyük ihtimalle bağlamla başlıyor ve istek sonlarda kalıyor. Sırayı değiştir: ilk cümlede ne istediğini ve ne zamana kadar gerektiğini yaz. Sonra kısa bir gerekçe ve kabul ölçütünü ekle. Uzun teknik bağlamı sona ya da bir ek belgeye taşı. Göndermeden önce yalnızca ilk iki cümleyi oku: tek başına yeterliler mi?
open_ended_counterexample__109,rewritten,"İncelemesini istediğin kısmı net olarak sınırla: bütün belge yerine belirli bir bölüm ya da karar. Özellikle hangi konuda fikrini istediğini söyle, örneğin “Bu yaklaşımın ölçeklenip ölçeklenmeyeceğinden emin değilim.” Geri bildirimi ne zaman ve ne için kullanacağını da belirt. Dar ve bağlamlı bir soru, meslektaşının kısa sürede somut bir öneri vermesini kolaylaştırır."
open_ended_counterexample__110,rewritten,"Asıl güçlük, kıdemli meslektaşının zamanının kısıtlı olması ve genel bir soru karşısında nereden başlayacağını bilememesidir. “Ne düşünüyorsun?” gibi bir soru ya yüzeysel bir cevap alır ya da ertelenir. Bunu azaltmak için neye bakmasını istediğini, hangi riskten emin olmadığını ve geri bildirimi ne zaman kullanacağını açıkça yaz. Böylece daha kısa sürede daha işe yarar bir cevap alırsın."
open_ended_counterexample__111,rewritten,Genel fikir sormak kolaydır ama çoğunlukla genel ve pek işe yaramayan bir cevap getirir; üstelik meslektaşının nereden başlayacağını bulmak için daha çok zaman harcamasını gerektirir. Belirli bir çıktı ve karar noktası hakkında sormak hem onun zamanını korur hem de daha somut bir öneri almanı sağlar. Bu yüzden ikinci yol neredeyse her zaman daha iyi. Genel fikir sormak ancak işin en başındaysan ve yön arıyorsan anlamlıdır.
open_ended_counterexample__112,rewritten,"İlk gün incelemesini istediğin kısmı ve özellikle neyi değerlendirmesini istediğini belirle. İlk hafta kısa ve net bir mesajla geri bildirim iste: neye bakmasını istediğini, hangi riskten emin olmadığını ve geri bildirimi ne zaman kullanacağını yaz. Devamında aldığın geri bildirimi uygula ve nasıl kullandığını kendisine kısaca bildir; bu hem teşekkür etmenin iyi bir yolu hem de bir sonraki isteği kolaylaştırır."
open_ended_counterexample__113,rewritten,"Önce ortak çıktıyı ve aşamalarını (karar, uygulama, bakım gibi) yaz. Her aşama için tek bir sorumlu öner; iki ekip aynı aşamanın sahibi olursa kimse tam olarak sorumlu olmaz. Anlaşmayı kısa bir yazılı kayıtla herkesin görebileceği bir yerde paylaş. Yine de anlaşamıyorsanız kararı iki ekibin ortak yöneticisine götürün."
open_ended_counterexample__114,rewritten,"İşi ilk müsait ekibe bırakmak anlaşmazlığı geçici olarak çözer, ama aynı soru her yeni işte yeniden çıkar. Karar, uygulama ve bakım sorumluluğunu ayrı tanımlamak bir kez emek ister ama anlaşmazlığın kaynağını çözer; çoğu zaman ekipler aslında farklı aşamaların sahibi olmak ister. Bu iş tek seferlikse ilk yol yeterli olabilir, iki ekip sık sık birlikte çalışıyorsa ikinci yol daha mantıklı."
open_ended_counterexample__115,rewritten,"İlk hafta ortak çıktıyı ve aşamalarını yaz, her aşama için bir sorumlu öner ve bunu iki ekiple kısa bir toplantıda netleştir. Anlaşmayı yazılı olarak herkesin görebileceği bir yerde paylaş. İkinci hafta bu dağılıma göre çalışıp belirsiz kalan noktaları not et. İki haftanın sonunda bu noktaları kısa bir toplantıda netleştirin; hâlâ anlaşamıyorsanız kararı ortak yöneticiye götürün."
open_ended_counterexample__116,rewritten,"Toplantıda anlaşıp sonra farklı yorumluyorsanız sorun anlaşmada değil, kayıtta. Toplantı biterken kararları, kimin neyi ne zamana kadar yapacağıyla birlikte yaz ve herkese gönder: “X ekibi karar ve bakımdan, Y ekibi uygulamadan sorumlu” gibi. Genel ifadeler yerine somut eylemler kullan. İtirazı olanların bunu belli bir süre içinde bildirmesini iste; böylece anlaşma herkes için aynı şeyi ifade eder."
open_ended_counterexample__117,rewritten,"Devam eden işlerini, tahmini sürelerini ve teslim tarihlerini kısa bir listeye dök. Mevcut kapasiteyle hangilerinin aynı anda yetişmeyeceğini açıkça göster. Bunu yöneticine bir şikâyet olarak değil, bir karar olarak götür: “Bunların hepsi bu tarihlere yetişmiyor, hangisini önceliklendirelim?” Bunu düzenli yaparsan iş yükü konuşmaları kişisel bir mesele değil, olağan bir planlama konusu hâline gelir."
open_ended_counterexample__118,rewritten,"“Çok işim var” demek yöneticine bir sorun iletir ama ne yapması gerektiğini söylemez; bu yüzden genellikle “elinden geleni yap” gibi bir cevap alırsın. Kapasiteyi ve sonuçları göstermek, konuşmayı somut bir öncelik kararına dönüştürür: yönetici hangi işin gecikeceğini gördüğünde seçim yapabilir. Ayrıca bu yaklaşım yetersizlik olarak değil, işini sahiplenmek olarak algılanır."
open_ended_counterexample__119,rewritten,"Önce devam eden işleri, sürelerini ve teslim tarihlerini bir listeye dök. Sonra bu listede hangi işlerin aynı anda yetişmeyeceğini işaretle. Son olarak yöneticinle bu listeyi konuş ve hangi işin erteleneceğine birlikte karar verin. Hazırlık bir saatten uzun sürmez ama konuşmayı şikâyetten karara dönüştürür."
open_ended_counterexample__120,unchanged,
open_ended_counterexample__121,rewritten,Önce görev yöneticisinin Başlangıç sekmesinde açılışta çalışan uygulamalara bak. Etkisi “yüksek” olan ve açılışta gerekmeyenleri tek tek devre dışı bırak. Her değişiklikten sonra açılış süresini ölç ki neyin işe yaradığını bil. Bu yetmezse disk doluluğuna ve bekleyen güncellemelere bak; hâlâ yavaşsa ve eski bir sabit disk (HDD) kullanıyorsan SSD'ye geçmek en büyük farkı yaratır.
open_ended_counterexample__122,rewritten,"Bilgisayar zamanla yavaşlar, çünkü yüklediğin birçok uygulama kendini sessizce açılışa ekler; her biri tek başına küçük görünür ama birlikte açılışı uzatır. Diskin dolması ve arka planda çalışan güncellemeler de buna eklenir. Başlangıç uygulamalarını kontrollü şekilde, tek tek kapatmak yavaşlığın asıl nedenini bulmanı sağlar; hepsini birden değiştirirsen neyin işe yaradığını anlayamazsın."
open_ended_counterexample__123,rewritten,"Başlangıç uygulamalarını kontrollü incelemek daha iyi. Temizlik programları çoğu zaman asıl sorunu çözmez, bazıları da kendi arka planda çalışarak bilgisayarı yavaşlatır. Windows ya da macOS'un kendi araçları (görev yöneticisi, depolama ayarları) çoğu durumda yeterlidir ve neyi değiştirdiğini görmeni sağlar."
open_ended_counterexample__124,rewritten,"Uygulamaları kapatmak fark yaratmıyorsa sorun büyük ihtimalle başlangıç uygulamalarında değil, disk ya da sistemde. Önce görev yöneticisinde açılış sırasında disk, işlemci ya da belleğin %100'e dayanıp dayanmadığına bak. Disk sürekli %100'deyse ve eski bir sabit disk kullanıyorsan en olası neden budur; SSD'ye geçmek büyük fark yaratır. Diskin dolu olup olmadığını ve bekleyen güncellemeleri de kontrol et, bir de virüs taraması yap."
open_ended_counterexample__125,rewritten,Önce her dosyanın hangi sürümünün gerçekten güncel olduğunu içeriğine ve son değişiklik tarihine bakarak belirle. Diğer kopyaları silmeden “arşiv” adlı ayrı bir klasöre taşı. Bundan sonra her dosya için tek bir ana konum belirle ve kopya oluşturmak yerine bulut hizmetinin kendi sürüm geçmişini kullan. Birkaç hafta arşive ihtiyaç duymazsan onu silebilirsin.
open_ended_counterexample__126,rewritten,"Asıl güçlük, kopyaların genellikle “güvenli” bir sürüm saklama isteğiyle oluşmasıdır: değişiklik yapmadan önce kopya alınır, sonra hangisinin güncel olduğu karışır. Çoğu bulut hizmeti zaten sürüm geçmişi tuttuğu için bu kopyalar çoğunlukla gereksizdir. Bunu azaltmak için her dosya için tek bir ana konum belirle ve eski bir sürüme ihtiyaç duyduğunda sürüm geçmişini kullan."
open_ended_counterexample__127,rewritten,"Eskileri topluca silmek hızlıdır ama riskli: hangisinin güncel olduğundan emin değilsen önemli bir dosyayı kaybedebilirsin ve sorun birkaç ay içinde yeniden oluşur. Tek ana klasör ve adlandırma kuralı daha çok emek ister ama yeni kopyaların oluşmasını önler. En iyisi ikisini sırayla yapmak: önce kopyaları silmeden bir arşive taşı, sonra tek ana klasör düzenine geç ve arşivi birkaç hafta sonra sil."
open_ended_counterexample__128,unchanged,
open_ended_counterexample__129,rewritten,"Bildirimleri üç gruba ayır: insanlardan gelen ve zamana duyarlı olanlar (mesaj, arama, takvim), sonra bakılabilecekler (e-posta, sosyal medya) ve gereksizler (haber, alışveriş, oyun). İlk grubu açık tut, ikinci grubun bildirimlerini kapatıp belli saatlerde kontrol et, üçüncüyü tamamen kapat. Telefonunun odak ya da rahatsız etmeyin modu da çalışırken yalnızca ilk grubun gelmesini sağlayabilir."
open_ended_counterexample__130,rewritten,"Bütün bildirimleri kapatmak basit ama önemli mesajları ya da aramaları kaçırmana yol açabilir, bu da seni telefonu daha sık kontrol etmeye iter. Uygulamaları acil, toplu ve gereksiz diye ayırmak bir kereye mahsus 15-20 dakikalık ayar ister ama kalıcı bir denge kurar. Bu yüzden ikinci yol daha iyi. Belli bir süre için tamamen kopmak istediğinde de telefonun odak modunu kullanabilirsin."
open_ended_counterexample__131,rewritten,"İlk hafta seni en çok hangi bildirimlerin böldüğünü not et ve haber, alışveriş gibi gereksiz olanları kapat; insanlardan gelen ve zamana duyarlı bildirimleri açık bırak. İkinci hafta e-posta ve sosyal medya gibi acil olmayanların bildirimlerini de kapatıp günde birkaç kez kontrol etmeye başla. İki haftanın sonunda önemli bir şeyi kaçırıp kaçırmadığına bak ve gerekirse küçük ayarlamalar yap."
open_ended_counterexample__132,rewritten,"Sessize aldığın uygulamaları yine de açıyorsan sorun artık bildirim değil, alışkanlık. Hangi anlarda açtığına dikkat et: sıkıldığında mı, bir işe başlamadan önce mi, telefonu başka bir şey için eline aldığında mı? Bu uygulamaları ana ekrandan kaldırıp bir klasöre koy; tek bir adım fazlası bile otomatik açmayı azaltır. Onlara bakacağın belirli saatler belirlemek de merakı kontrol etmeni kolaylaştırır."
open_ended_counterexample__133,rewritten,"Önce uzun ve yalnızca bu iş için kullanacağın bir ana parola belirle ve güvenli bir yere not et; unutursan tüm hesaplarına erişimi kaybedebilirsin. Parola yöneticisinde iki adımlı doğrulamayı aç. İlk olarak e-posta, banka ve en önemli hesapları taşı, çünkü diğer hesapların kurtarılması genellikle e-posta üzerinden yapılır. Diğer hesapları da zamanla, onlara giriş yaptıkça taşı ve parolalarını güncelle."
open_ended_counterexample__134,rewritten,"Aşamalı geçiş, bir şey ters giderse tüm hesaplarına erişimi aynı anda kaybetme riskini azaltır. Önce e-posta gibi kritik hesaplarla başlamak mantıklıdır, çünkü diğer hesapların parola sıfırlaması genellikle e-postaya bağlıdır; e-postan güvende olduğunda diğer hesaplar da dolaylı olarak korunur. Ayrıca hesapları giriş yaptıkça taşımak, hepsini bir oturuşta yapmaktan çok daha az yorucudur."
open_ended_counterexample__135,rewritten,"Önce güçlü bir ana parola belirle ve parola yöneticisinde iki adımlı doğrulamayı aç. Sonra e-posta ve banka gibi en kritik hesapları taşı ve parolalarını güncelle. Bu hesapların kurtarma seçeneklerini (yedek e-posta, telefon, kurtarma kodları) kontrol et. Diğer hesapları aynı anda değil, onlara giriş yaptıkça taşı; birkaç hafta içinde çoğu yöneticide olur."
open_ended_counterexample__136,rewritten,"Hangi hesapta parolayı güncellediğini karıştırıyorsan parola yöneticisinde basit bir işaret sistemi kullan: güncellediğin hesaplara bir etiket ya da not ekle. Güncellemeyi hep aynı sırayla yap: önce sitede parolayı değiştir, sonra yöneticide kaydedildiğini kontrol et. Emin olmadığın hesaplarda yöneticideki parolayla giriş yapmayı dene; çalışmazsa parolayı sıfırla ve yenisini hemen kaydet. Çoğu yöneticinin tekrar eden ya da zayıf parolaları gösteren bir güvenlik raporu da vardır."
open_ended_counterexample__137,rewritten,Aynı anda yürüttüğün her iş için ayrı bir pencere kullan ve iş bitince pencereyi kapat. “Sonra okurum” diye açık tuttuğun sekmeleri bir okuma listesine ya da yer imi klasörüne kaydedip kapat. Gün sonunda yalnızca yarın gerçekten devam edeceğin sekmeleri açık bırak. Açık bir sekme verilmemiş bir karardır; onu kaydedip kapatmak zihinsel yükü de azaltır.
open_ended_counterexample__138,rewritten,"Sekmeler birikir, çünkü her açık sekme ertelenmiş bir karardır: “Bunu okuyacak mıyım, işime yarayacak mı?” sorusunu cevaplamak yerine sekmeyi açık bırakırsın. Zamanla hangilerinin önemli olduğunu ayırt etmek zorlaşır ve bu da daha fazla erteleme getirir. Aktif iş, sonra oku ve arşiv ayrımı, her sekme için bu kararı hemen vermeni sağlar; böylece açık kalanlar gerçekten gerekli olanlardır."
open_ended_counterexample__139,rewritten,"Sekme grupları karmaşayı yalnızca daha düzenli gösterir; sekmeler yine açık kalır ve sayıları artmaya devam eder. Aktif iş, sonra oku ve arşiv ayrımı ise her sekmeye bir karar verdiğin için çoğunu kapatmanı sağlar. Bu yüzden ikinci yol daha etkili. Sekme gruplarını yalnızca aktif işlerini düzenlemek için kullanabilirsin."
open_ended_counterexample__140,rewritten,"Sonra oku listesi hiç açılmıyorsa, sekmeler hakkındaki kararı ertelemek için kullanılıyor demektir. Listeye bir şey eklerken ne zaman okuyacağını düşün; cevabın yoksa ekleme. Haftada bir 10 dakika ayırıp listeye bak ve bir haftadan eski, açmadığın bağlantıları sil. Gerçekten gerekirse onları yeniden bulabilirsin; çoğu zaman buna ihtiyaç bile kalmaz."
open_ended_counterexample__141,unchanged,
open_ended_counterexample__142,rewritten,"Asıl güçlük, zayıf sinyalin iki farklı nedeni olabilmesidir: ya yönlendiricinin sinyali odaya ulaşamıyordur ya da internet hattının kendisi yavaştır. Bunları karıştırmak yanlış çözüme para harcamana yol açar; hat yavaşsa yeni yönlendirici bir şey değiştirmez. Aynı cihazla yönlendiricinin yanında ve sorunlu odalarda hız testi yapmak nedeni ayırır. Sorun yalnızca uzak odalardaysa yönlendiricinin yerini değiştirmek ya da ek erişim noktası eklemek işe yarar."
open_ended_counterexample__143,rewritten,"Önce test etmek neredeyse her zaman daha mantıklı, çünkü birkaç dakika sürer ve para harcamadan sorunu çözebilir. Yönlendiriciyi daha merkezi ve açık bir yere taşımak ya da cihazı 2,4 GHz ile 5 GHz arasında değiştirmek çoğu zaman yeterli olur. Test sonucunda sorun kapsamadaysa yeni bir yönlendirici yerine mesh sistem ya da ek erişim noktası daha iyi bir yatırım olabilir."
open_ended_counterexample__144,rewritten,İlk gün aynı cihazla yönlendiricinin yanında ve sorunlu odalarda hız testi yap; böylece sorunun kapsamada mı yoksa hatta mı olduğunu görürsün. İlk hafta yönlendiriciyi daha merkezi ve açık bir yere taşıyıp tekrar ölç. Devamında sorun yalnızca uzak odalarda sürüyorsa mesh sistem ya da ek erişim noktası düşün; her yerde yavaşsa internet sağlayıcınla görüş.
open_ended_counterexample__145,rewritten,"Önce her cihazdaki fotoğrafların ayrı bir yedeğini al ve hiçbir şeyi silmeden başla. Sonra hepsini tek bir ortak arşive (bulut ya da harici disk) aktar ve çekim tarihine göre klasörle. Tekrar eden fotoğrafları bir araçla bul, ama silmeden önce birkaç örnekle gerçekten aynı olduklarını kontrol et. Arşiv hazır olunca yeni fotoğrafların oraya otomatik yedeklenmesini ayarla."
open_ended_counterexample__146,rewritten,"Önce yedekleyip kontrollü birleştirmek daha doğru, çünkü kaybolan fotoğraflar geri getirilemez. Her şeyi tek klasöre kopyalamak hızlıdır ama tekrarlarla ve karışık tarihlerle dolu bir arşiv bırakır. Bu yüzden önce yedek al, sonra tarih ve tekrar kontrolüyle birleştir. Biraz daha uzun sürer ama bir kez yapılacak bir iş ve sonuç çok daha kullanışlı olur."
open_ended_counterexample__147,unchanged,
open_ended_counterexample__148,rewritten,"Yanlış tarihler genellikle dosya tarihiyle çekim tarihinin karışmasından kaynaklanır: kopyalama ya da indirme sırasında dosya tarihi değişir, ama çekim tarihi fotoğrafın içindeki bilgide (EXIF) kalır. Yanlış görünen birkaç fotoğrafın bilgilerine bak; çekim tarihi doğruysa arşivini bu tarihe göre sıralayan bir araç kullan. Bu bilgi bazı fotoğraflarda hiç yoksa (örneğin mesajlaşma uygulamalarından gelenler), onları ayrı bir klasörde topla."
open_ended_counterexample__149,rewritten,"Güncellemeyle değişen ve seni rahatsız eden şeyleri kısaca listele. Her biri için önce ayarlar menüsünde, sonra uygulamanın “yenilikler” notlarında ya da destek sayfasında karşılığını ara; çoğu özellik kaldırılmamış, yalnızca yeri değişmiştir. Önemli bir işlev gerçekten kaldırıldıysa alternatif bir yöntem ya da uygulama düşün. Eski sürüme dönmek geçici bir çözüm olabilir ama güvenlik güncellemelerini kaçırmana yol açar."
open_ended_counterexample__150,rewritten,"Güncellemelerde özellikler genellikle kaldırılmaz, yalnızca yeri ya da adı değişir; bu yüzden önce yeni ayarlara bakmak çoğu zaman sorunu birkaç dakikada çözer. Eski sürüme dönmek ise rahat görünür ama güvenlik açıklarına ve diğer uygulamalarla uyumsuzluğa yol açabilir. Ayrıca eski sürümler bir süre sonra desteklenmez hâle gelir, yani sorunu yalnızca ertelemiş olursun."
open_ended_counterexample__151,rewritten,"Önce güncellemeyle değişen ve işini zorlaştıran şeyleri listele. Sonra her biri için ayarlar menüsünde ve uygulamanın yardım sayfasında karşılığını ara; çoğu özelliğin yalnızca yeri değişmiştir. Birkaç gün yeni düzeni kullan, çünkü bazı değişiklikler alışınca rahatsız etmez. Önemli bir işlev hâlâ eksikse alternatif bir çözüm ya da uygulama düşün."
open_ended_counterexample__152,rewritten,Ayarların her açılışta sıfırlanması büyük ihtimalle senin hatan değil: uygulama ayarları kaydedemiyor. Önce uygulamayı tamamen kapatıp yeniden aç ve ayarın kalıp kalmadığına bak. Kalmıyorsa uygulamayı güncelle ya da önbelleğini temizle; bu da işe yaramazsa silip yeniden yükle. Bulut eşitlemesi varsa başka bir cihazdaki eski ayarlar yenilerinin üzerine yazıyor olabilir. Sorun sürerse destek sayfasına bak; muhtemelen başkaları da aynı sorunu yaşıyordur.
open_ended_counterexample__153,rewritten,"Tek bir uygulamada anlaşın (farklı telefonlar varsa Google Takvim, herkes iPhone kullanıyorsa iCloud) ve “Aile” adında ayrı bir ortak takvim açın. Buraya yalnızca birden fazla kişiyi ilgilendiren randevu, ziyaret ve tatilleri ekleyin; kişisel işler herkesin kendi takviminde kalsın. Başlığa kişinin adını yazın (“Elif – Dişçi”). Bir etkinliği kim eklediyse, değiştiğinde de o güncellesin."
open_ended_counterexample__154,rewritten,"Ortak takvimlerin karışmasının nedeni, herkesin tüm etkinliklerinin aynı yerde görünmesidir: kimseyi ilgilendirmeyen etkinlikler önemli olanları gizler, sürekli gelen bildirimler de insanları takvimden uzaklaştırır. Yalnızca birden fazla kişiyi ilgilendiren etkinlikleri ayrı bir ortak takvimde tutmak bu gürültüyü azaltır. Böylece herkes ortak takvime baktığında yalnızca kendisini ilgilendireni görür ve takvim gerçekten kullanılır."
open_ended_counterexample__155,rewritten,"Yalnızca ortak işleri ayrı bir takvimde tutmak daha iyi. Herkesin tüm etkinliklerini tek takvime koymak başta kolay görünür ama kısa sürede kalabalıklaşır, önemli etkinlikler kaybolur ve gereksiz bildirimler herkesi rahatsız eder. Ayrı bir ortak takvim hem düzenli kalır hem de kişisel takvimleri gizli tutar. Gerekirse kişisel takvimleri yalnızca “meşgul” olarak paylaşabilirsiniz."
open_ended_counterexample__156,rewritten,"Aynı etkinliğin iki kez eklenmesinin nedeni genellikle kimin eklemesi gerektiğinin belli olmamasıdır. Basit bir kural koyun: etkinliği onu ilgilendiren ya da ilk öğrenen kişi ekler, diğerleri eklemeden önce takvime bakar. Başlıkları da standartlaştırın (örneğin “Elif – Dişçi”), böylece aynı etkinlik kolayca fark edilir. Kişisel takvimlerden ortak takvime otomatik kopyalama ayarı varsa onu da kontrol edin, çünkü tekrarlar bazen oradan gelir."
open_ended_counterexample__157,unchanged,
open_ended_counterexample__158,rewritten,"Asıl güçlük, eşitleme ile yedeklemenin aynı şey sanılmasıdır. Eşitleme dosyaların her cihazda aynı olmasını sağlar; yani yanlışlıkla sildiğin ya da bozulan bir dosya diğer cihazlarda da silinir ya da bozulur. Gerçek yedek ise eski sürümlere dönebilmeni sağlar. Bu yüzden eşitlemenin yanında sürüm geçmişi olan ayrı bir yedek tutmak ve onu ara sıra geri yükleyerek test etmek gerekir."
open_ended_counterexample__159,rewritten,Yalnızca bulut eşitlemesi kurulumu kolaydır ama tek başına yedek sayılmaz: yanlışlıkla silinen ya da fidye yazılımıyla şifrelenen dosyalar buluta da aynen yansır. Katmanlı düzen (bulut + harici diskte ayrı bir yedek) biraz daha emek ister ama bu riskleri ortadan kaldırır. Başlangıç için bulut eşitlemesini kur ve sürüm geçmişinin açık olduğundan emin ol; ardından önemli dosyalar için ayda bir harici diske yedek almayı ekle.
open_ended_counterexample__160,rewritten,İlk gün kaybetmek istemediğin klasörleri belirle ve otomatik yedeklemeyi kur; sürüm geçmişinin açık olduğundan emin ol. İlk hafta bir dosyayı silip yedekten geri yüklemeyi dene; yedeğin çalıştığını ancak böyle bilirsin. Devamında önemli dosyalar için ayda bir harici diske ayrı bir yedek al ve arada bir geri yükleme testini tekrarla.
open_ended_counterexample__161,rewritten,"Her sabah o gün mutlaka bitirmek istediğin en fazla üç işi seç. Diğer işleri ve fikirleri ayrı bir “bekleyenler” listesine taşı ki her gün önüne gelmesinler. Gün sonunda bitmeyen bir iş olursa nedenine kısaca bak: çok mu büyüktü, yoksa araya başka işler mi girdi? Tek bir uzun listede her şey aynı önemde görünür ve başlamak zorlaşır."
open_ended_counterexample__162,rewritten,"Daha ayrıntılı bir uygulama sorunu çözmez, çünkü sorun listenin nerede tutulduğu değil, çok uzun olması. Aktif işleri sınırlayıp gerisini ayrı tutmak ise her gün yalnızca gerçekten yapılabilecek işlere odaklanmanı sağlar. Bu yüzden ikinci yol daha etkili ve mevcut uygulamanla da yapılabilir. Yeni bir uygulamayı ancak mevcut aracın bunu desteklemiyorsa düşün."
open_ended_counterexample__163,rewritten,"İlk hafta her sabah o günün en fazla üç işini seç ve diğerlerini bir bekleyenler listesine taşı. Gün sonunda bitmeyen işlerin nedenini kısaca not et. İkinci hafta bu notlara bak: işler çok mu büyük, yoksa araya giren işler mi sorun? Büyükse onları daha küçük adımlara böl; araya giren işler çoksa üç yerine iki iş seç ve kalan zamanı onlara bırak."
open_ended_counterexample__164,rewritten,"Seçtiğin üç iş küçük talepler arasında kayboluyorsa sorun seçimde değil, zamanın korunmamasında. Bir-iki gün boyunca bu taleplerin ne zaman ve kimden geldiğini not et. Günün bir bölümünü (örneğin ilk iki saati) önemli işlere ayır ve küçük talepleri daha sonraki bir zaman bloğunda topla. Gerçekten acil olmayan taleplere hemen dönmek yerine “bugün öğleden sonra bakarım” demek çoğu zaman yeterlidir."
open_ended_counterexample__165,rewritten,Her çalışma oturumunu bitirirken iki şey yaz: nerede kaldığını ve bir sonraki somut adımı (“X fonksiyonunu test et” gibi). Takıldığın ya da başkasından beklediğin şeyleri de ayrıca not et. Bu notu projenin dosyalarının yanında ya da tüm projeler için tek bir yerde tut. Projeye döndüğünde her şeyi yeniden hatırlamaya çalışmak yerine yalnızca bu notu okuman yeterli olur.
open_ended_counterexample__166,rewritten,"Bir projeye geri dönmek zordur, çünkü nerede kaldığını, ne yapmak üzere olduğunu ve neyin eksik olduğunu yeniden hatırlaman gerekir; bu da başlamayı ertelemene yol açar. Son durumu ve sıradaki adımı kısa bir notla kaydetmek bu yükü ortadan kaldırır: döndüğünde düşünmek yerine hemen başlayabilirsin. Bu, birden fazla proje arasında sık geçiş yaptığında özellikle çok zaman ve enerji kazandırır."
open_ended_counterexample__167,rewritten,Önce her çalışma oturumunun sonunda tek cümleyle nerede kaldığını yazmaya başla; en kolay ve en etkili adım bu. Bu alışkanlık oturunca buna bir sonraki somut adımı ekle. En son takıldığın ya da başkasından beklediğin şeyleri ayrı bir yerde not etmeye başla. Hepsini aynı anda başlatmak yerine her birini birkaç gün uygulayıp sonra yenisini ekle.
open_ended_counterexample__168,rewritten,Notların varken hangisinin güncel olduğunu anlayamıyorsan notlar muhtemelen üst üste birikiyor ve eskiler silinmiyor. Her proje için tek bir “güncel durum” notu tut ve her oturumdan sonra yenisini eklemek yerine onu yeniden yaz; başına tarihi de ekle. Geçmiş bilgileri saklamak istersen ayrı bir arşive taşı. Böylece bir projeye döndüğünde yalnızca tek bir nota bakarsın.
open_ended_counterexample__169,rewritten,"Bir hafta boyunca sık yaptığın işlerin gerçekte ne kadar sürdüğünü kaydet; tahminlerinin genelde ne kadar saptığını görürsün. Planlarken bu gerçek süreleri kullan ve üzerine biraz pay ekle. Günün yaklaşık beşte birini beklenmedik işler için boş bırak. Tahminler genellikle işin kendisini hesaplar ama geçişleri, kesintileri ve küçük aksaklıkları unutur."
open_ended_counterexample__170,rewritten,"Tahminler sürekli aşılır, çünkü bir işi planlarken her şeyin yolunda gideceğini varsayarız: kesintileri, iş değiştirmenin getirdiği zaman kaybını ve beklenmedik sorunları hesaba katmayız. Bu neredeyse herkeste görülen bir eğilimdir ve daha çok çabalamak onu düzeltmez. Geçmiş işlerin gerçek sürelerini ölçmek tahminlerini gerçeğe yaklaştırır; tampon bırakmak da beklenmedik şeylerin tüm planı bozmasını önler."
open_ended_counterexample__171,rewritten,"Takvimi daha sıkı doldurmak sorunu kötüleştirir: tahminlerin zaten aşılıyorsa daha sıkı bir plan daha çok gecikme demektir. Geçmiş süreleri ölçüp tampon bırakmak ise planını gerçekçi hâle getirir. Bu yüzden ikinci yol açıkça daha iyi. Başlamak için bir hafta boyunca işlerinin gerçek sürelerini kaydet, sonra planlarını bu verilere göre yap."
open_ended_counterexample__172,rewritten,"Tamponu yeni görevlerle dolduruyorsan tampon planın bir parçası gibi değil, boş zaman gibi görünüyor. Onu takvimde “beklenmedik işler” adıyla ayrı bir blok olarak işaretle ve yalnızca uzayan ya da araya giren işler için kullan. Yeni bir görev geldiğinde önce mevcut plandan neyin çıkacağına karar ver. Gün sonunda tampon boş kalırsa o zaman listenden bir işe geçebilirsin."
open_ended_counterexample__173,rewritten,İşi yirmi dakikada yapılabilecek ilk adıma indir: “raporu yaz” yerine “rapor için üç başlık belirle”. Bu adımı takvimde belirli bir gün ve saate koy ve o zamanı başka işe verme. Oturumun sonunda bir sonraki başlangıç noktasını not et ki bir dahaki sefere düşünmeden başlayabilesin. Belirsiz ve büyük işler acil işlere hep yenilir; küçük ve belli bir adım ise başlamayı kolaylaştırır.
open_ended_counterexample__174,rewritten,"Asıl güçlük, acil işlerin hemen bir baskı yaratması, önemli ama acil olmayan işlerin ise her gün biraz daha ertelenebilmesidir; bu yüzden her gün acil işler kazanır. Üstelik önemli işler genellikle büyük ve belirsizdir, bu da başlamayı zorlaştırır. Bunu azaltmak için işi küçük ve somut bir ilk adıma indirip takvimde belirli bir zamana koy; böylece o iş de bir randevuya dönüşür."
open_ended_counterexample__175,rewritten,"Motivasyon beklemek genellikle işe yaramaz, çünkü motivasyon çoğu zaman bir işe başladıktan sonra gelir, önce değil. Küçük ve takvimli başlangıçlar hem başlamayı kolaylaştırır hem de ilerledikçe motivasyonu beraberinde getirir. Bu yüzden ikinci yol açıkça daha iyi. Başlamak için haftada iki-üç kez 20 dakikalık küçük oturumlar planla."
open_ended_counterexample__176,rewritten,"İlk gün ertelediğin işi seç, yirmi dakikada yapılabilecek bir ilk adıma indir ve bu adımı takvimde belirli bir zamana koy. İlk hafta bu kısa oturumları haftada iki-üç kez yap ve her oturumun sonunda bir sonraki adımı not et. Devamında oturumları bir rutine dönüştür ve kolaylaştıkça süresini artır; işin ilerlediğini görmek sürdürmeyi de kolaylaştırır."
open_ended_counterexample__177,rewritten,"E-postayı gün boyu açık tutmak yerine günde 2-4 sabit zamanda kontrol et. Kontrol ettiğinde hızlıca yanıtlanabilecekleri hemen cevapla, iş gerektirenleri görev listene ekle. Gerçekten acil durumlar için ekiple e-posta dışında bir kanal (telefon ya da anlık mesaj) belirleyin. E-posta çoğu işte anlık bir iletişim aracı değildir, bu yüzden birkaç saat beklemek genellikle sorun yaratmaz."
open_ended_counterexample__178,rewritten,"Gelen kutusunu sürekli açık tutmak her mesajı hemen görmeni sağlar ama gününü sürekli bölerek işlerini uzatır. Belirli kontrol zamanları ve bir acil kanal ise hem odaklanmanı hem de gerçekten acil şeyleri kaçırmamanı sağlar. Bu yüzden ikinci yol daha iyi. İşin gerçekten hızlı yanıt gerektiriyorsa (örneğin müşteri desteği) kontrol aralıklarını kısalt, ama gelen kutusunu sürekli açık tutma."
open_ended_counterexample__179,rewritten,"İlk hafta e-postayı günde birkaç sabit zamanda kontrol et ve bildirimlerini kapat. Acil durumlar için ekiple başka bir kanal belirleyin. Hafta sonunda önemli bir şeyi kaçırıp kaçırmadığına bak ve gerekirse kontrol sıklığını ayarla. İkinci hafta her kontrolde hızlı yanıt gerekenleri hemen cevapla, iş gerektirenleri görev listene taşı; böylece gelen kutusu bir yapılacaklar listesi olmaktan çıkar."
open_ended_counterexample__180,rewritten,"Kontrol saatleri arasında e-postayı düşünmen genellikle önemli bir şeyi kaçırma kaygısından kaynaklanır. Bir süre gerçekten acil bir mesajın ne sıklıkla geldiğine dikkat et; çoğu zaman sandığından çok daha azdır. Acil durumlar için ekiple başka bir kanal belirle; acil bir şey olursa sana ulaşılacağını bilmek, arada e-postayı düşünme ihtiyacını azaltır."
open_ended_counterexample__181,rewritten,"Toplantıdan önce not sayfanın başına toplantının amacını yaz. Toplantıda her şeyi değil, yalnızca alınan kararları, açık kalan soruları ve yapılacak işleri kaydet. Her yapılacak işin yanına kimin yapacağını ve ne zamana kadar yapacağını ekle. Toplantıdan sonra bu notu kısa bir özet olarak katılımcılarla paylaş."
open_ended_counterexample__182,rewritten,"Toplantı notları sonradan işe yaramaz, çünkü genellikle konuşmanın özeti olarak tutulur: ne söylendiğini gösterir ama neye karar verildiğini ve kimin ne yapacağını göstermez. Karar, gerekçe ve eylemleri ayırmak bu bilgileri hemen bulunur kılar. Böylece haftalar sonra bile neye neden karar verildiğini ve kimin sorumlu olduğunu kolayca görebilirsin."
open_ended_counterexample__183,rewritten,"Önce toplantıdan önce not sayfana toplantının amacını yazmaya başla. Bu alışkanlık oturunca toplantıda yalnızca kararları ve açık soruları kaydetmeye geç. Son olarak her yapılacak işe kimin yapacağını ve tarihini ekle. Her adımı birkaç toplantıda denedikten sonra bir sonrakine geçmek, yeni düzeni zorlanmadan oturtmanı sağlar."
open_ended_counterexample__184,rewritten,"Kararla öneriyi karıştırıyorsan toplantıda bir konunun karara bağlanıp bağlanmadığı muhtemelen netleşmiyor. Bir konu kapanırken “Bunu karar olarak yazıyorum, doğru mu?” diye sor. Notlarında kararları ve önerileri ayrı başlıklarda tut. Emin olmadıklarını “açık soru” olarak işaretle ve notu paylaşırken teyit iste."
open_ended_counterexample__185,rewritten,"Dosya ararken gerçekten kullanılan 2-3 bilgiyi seçin, örneğin tarih, proje adı ve kısa açıklama. Tarih için tek bir biçimde anlaşın (sıralamanın doğru çalışması için YYYY-AA-GG gibi) ve kuralı birkaç örnek adla gösterin. Eski dosyaları değiştirmeye uğraşmayın, kuralı yalnızca yeni dosyalarda uygulayın. Kural ne kadar kısa olursa ekip ona o kadar uyar."
open_ended_counterexample__186,rewritten,"Adlandırma tutarsızlığının nedeni genellikle kuralın olmaması değil, fazla karmaşık olmasıdır: uzun ve ayrıntılı kurallar hatırlanmaz ve herkes onları kendince yorumlar. Yalnızca aramada gerçekten kullanılan birkaç alanı standartlaştırmak kuralı herkes için kolay ve anlaşılır kılar. Tarihin doğru biçimde yazılması da dosyaların otomatik olarak doğru sıralanmasını sağlar."
open_ended_counterexample__187,rewritten,"Aranabilir birkaç alanı standartlaştırmak daha iyi. Çok ayrıntılı zorunlu şablonlar kâğıt üzerinde tutarlı görünür ama uygulaması zor olduğu için ekip kısa sürede atlamaya başlar. Birkaç alanla sınırlı basit bir kural daha kolay benimsenir ve arama ile sıralama için yeterlidir. Belli bir süreç ya da yasal gereklilik ek bilgi gerektiriyorsa, onu yalnızca o dosyalar için ekleyin."
open_ended_counterexample__188,rewritten,"Sürüm kelimeleri farklı anlamlarda kullanılıyorsa sorun kelimelerin tanımlanmamış olmasıdır. Birkaç sürüm durumunu açıkça tanımlayın, örneğin “taslak”, “inceleme”, “onaylı”, ve her birinin ne anlama geldiğini tek cümleyle yazın. “Final” gibi belirsiz kelimeleri kullanmayın, çünkü sonunda “final2” gibi adlara yol açar. Mümkünse eski sürümleri dosya adında değil, bulut hizmetinin sürüm geçmişinde tutun."
open_ended_counterexample__189,rewritten,"Haftalık hedefi, bittiğinde somut olarak gösterebileceğin bir sonuca çevir: “raporla ilgilen” yerine “raporun ilk taslağını gönder”. Bu sonuç için 2-3 ara adım belirle. Her adımı hafta içinde gerçekten zamanın olan günlere yerleştir. Belirsiz bir hedef ne zaman bittiğini ve bugün ne yapman gerektiğini söylemez; somut bir sonuç bunu netleştirir."
open_ended_counterexample__190,rewritten,"Asıl güçlük, haftalık hedefin genellikle bir niyet olarak yazılmasıdır: “projede ilerle” demek hangi gün ne yapacağını ve ne zaman bittiğini söylemez. Günlük planlama sırasında bu belirsiz hedef, somut ve acil işlerin gerisinde kalır. Hedefi somut bir sonuca ve birkaç ara adıma dönüştürmek, her gün neye çalışacağını netleştirir."
open_ended_counterexample__191,rewritten,"Hedefi her sabah okumak onu hatırlatır ama ne yapacağını söylemez, bu yüzden genellikle bir şey değiştirmez. Ölçülebilir ara çıktılar tanımlamak ise her gün hangi adımı atacağını netleştirir. Bu yüzden ikinci yol açıkça daha etkili. İkisini birleştirebilirsin: sabahları hedefi değil, o günün ara çıktısını oku."
open_ended_counterexample__192,rewritten,İlk gün haftalık hedefini somut bir sonuca dönüştür ve bu sonuç için 2-3 ara adım belirle. İlk hafta bu adımları zamanın olan günlere yerleştir ve her gün sonunda o günün adımını tamamlayıp tamamlamadığına bak. Devamında her hafta sonunda kısa bir değerlendirme yap: hangi adımlar gecikti ve neden? Bir sonraki haftayı bu bilgiyle planla.
open_ended_counterexample__193,rewritten,"Bundan sonra kullanacağın tek bir ana uygulama seç ve tüm yeni notları oraya yaz. Eski notların hepsini birden taşımaya uğraşma, yalnızca ihtiyaç duydukça taşı. Haftada bir kısa bir süre ayırıp yeni notları düzenle ya da sil. Eski notların çoğuna bir daha ihtiyaç duymayacağın için yeni akışı düzeltmek çok daha hızlı fayda sağlar."
open_ended_counterexample__194,rewritten,"Yeni notlar için tek giriş noktası seçmek daha mantıklı. Tüm eski notları taşımak çok zaman alır ve çoğunu bir daha kullanmayacaksın; sorun zaten eski notlarda değil, yeni notların farklı yerlere dağılmasında. Yeni notları tek bir yere yazmaya başla, eskileri ihtiyaç duydukça taşı. Eski uygulamaları hemen silme, bir süre arşiv olarak kalsınlar."
open_ended_counterexample__195,rewritten,"İlk hafta bir ana uygulama seç ve tüm yeni notları oraya yaz; diğer uygulamaları telefonunda gözden uzak bir klasöre taşı. İhtiyaç duyduğun eski notları buldukça ana uygulamaya aktar. İkinci hafta haftalık kısa bir düzenleme alışkanlığı ekle: yeni notları gözden geçir, gerekirse sil ya da düzenle. İki haftanın sonunda eski uygulamalara ne sıklıkla baktığına göre onları tamamen bırakıp bırakmayacağına karar ver."
open_ended_counterexample__196,rewritten,"Etiketlerin hızla çoğalması, neredeyse her not için yeni bir etiket oluşturduğunu gösterir; bu durumda etiketler bulmaya değil, sadece sınıflandırmaya yarıyor. Mevcut etiketlerine bak ve yalnızca birkaç kez kullanılanları birleştir ya da sil. 5-10 temel etiketle sınırlı kal ve yeni etiket eklemeden önce mevcutlardan birinin uyup uymadığına bak. Çoğu durumda iyi bir arama, çok sayıda etiketten daha işe yarar."
open_ended_counterexample__197,rewritten,"Günün başında o günün en önemli tek sonucunu seç ve ona en verimli saatlerini ayır. E-posta ve küçük zorunlu işleri günün belli bir zaman diliminde topla. Akşam kaç iş bitirdiğini değil, önemli sonuçta ne kadar ilerlediğini not et. Çok sayıda küçük iş yapmak meşgul hissettirir, ama asıl ilerleme önemli sonuçlarda olur."
open_ended_counterexample__198,rewritten,"Çok sayıda küçük görevi tamamlamak hareket hissi verir ama önemli hedeflerde görünür bir ilerleme sağlamayabilir; bu yüzden yoğun bir günün sonunda bile ilerlememiş hissedersin. Önemli sonuçları ve bakım işlerini ayrı değerlendirmek, gününün ne kadarının gerçekten ilerlemeye gittiğini görmeni sağlar. Böylece önemli işe yeterince zaman ayırıp ayırmadığını fark eder ve planını buna göre değiştirebilirsin."
open_ended_counterexample__199,rewritten,"Önce her sabah o günün en önemli tek sonucunu seçmeye başla. Bu oturunca küçük zorunlu işleri günün belli bir zaman diliminde toplamaya geç. En son akşamları bitirdiğin iş sayısı yerine önemli sonuçtaki ilerlemeyi kaydetmeyi ekle. Birkaç gün arayla tek tek eklemek, hepsini aynı anda başlatmaktan daha kolay oturur."
open_ended_counterexample__200,rewritten,Önemli işe başlayınca küçük taleplerin gelmesi genellikle o saatte ulaşılabilir olmandan kaynaklanır. Birkaç gün boyunca bu taleplerin ne zaman ve hangi kanaldan geldiğini not et. Önemli işi taleplerin en az geldiği saate taşı ve o sürede bildirimleri kapat. Gerçekten acil olmayan taleplere “bir saat sonra bakarım” demek genellikle yeterlidir.
