id,category,subtype,scenario_group_id,split,expected_mode,prompt_tr,evaluation_criteria,source_path,source_id,source_category,domain,language,license,selection_status,answer_status,source_prompt_sha256
me-001,grammar_correction,compound_today,apartment_sensor,train,correct,"Verilen cümlenin yazım hatalarını düzeltin.
Hatalı Cümle: Bu gün apartmanın girişindeki sensör gece boyunca üç kez gereksiz yere yandı.
Düzeltilmiş hali:",Return corrected Turkish only; preserve meaning; fix the identified orthographic/morphological issue without an unnecessary rewrite. Specific boundary: compound today.,exp-001-sft-dataset/reviewed-v3/accepted-reviewed.csv,bare_gec__001,bare_gec,daily_life,tr,project-internal-draft,agent-curated-prompt-only,not-generated,e8c14359418fe1fda93c0814473a7e453212eff74ae28bc49efba607d3e052b7
me-002,grammar_correction,indefinite_pronoun,school_feedback,train,correct,"Verilen cümlenin yazım hatalarını düzeltin.
Hatalı Cümle: Okul yönetimi servis saatlerini velilerden gelen geri bildirimlere göre değiştirdi, fakat hiç bir soru yanıtsız kalmadı.
Düzeltilmiş hali:",Return corrected Turkish only; preserve meaning; fix the identified orthographic/morphological issue without an unnecessary rewrite. Specific boundary: indefinite pronoun.,exp-001-sft-dataset/reviewed-v3/accepted-reviewed.csv,bare_gec__003,bare_gec,education,tr,project-internal-draft,agent-curated-prompt-only,not-generated,a28ae64a82b340d254b70fd4599a11b8612b6f5db47202cc302a6f81fb76b92c
me-003,grammar_correction,compound_everything,experimental_accounts,train,correct,"Verilen cümlenin yazım hatalarını düzeltin.
Hatalı Cümle: Deneysel özellik sadece test grubundaki hesaplar için görünür hâle getirildi ve sonunda herşey açıklığa kavuştu.
Düzeltilmiş hali:",Return corrected Turkish only; preserve meaning; fix the identified orthographic/morphological issue without an unnecessary rewrite. Specific boundary: compound everything.,exp-001-sft-dataset/reviewed-v3/accepted-reviewed.csv,bare_gec__007,bare_gec,technology,tr,project-internal-draft,agent-curated-prompt-only,not-generated,94a54f22e9c10340afae33d64973360d3be874692d7e5a1a0c69e2ed7febb038
me-004,grammar_correction,misspelling_lonely,train_signal,train,correct,"Verilen cümlenin yazım hatalarını düzeltin.
Hatalı Cümle: Tren dağ geçidine yaklaşırken telefonların bağlantısı birkaç dakika kesildi; yanlız bu ayrıntı gözden kaçtı.
Düzeltilmiş hali:",Return corrected Turkish only; preserve meaning; fix the identified orthographic/morphological issue without an unnecessary rewrite. Specific boundary: misspelling lonely.,exp-001-sft-dataset/reviewed-v3/accepted-reviewed.csv,bare_gec__017,bare_gec,travel,tr,project-internal-draft,agent-curated-prompt-only,not-generated,63d034df7bb38df99d96d4b7665bb70a9ae3a19cde62cd0422a235f70abcbce4
me-005,grammar_correction,case_suffix_spacing,chemistry_report,train,correct,"Verilen cümlenin yazım hatalarını düzeltin.
Hatalı Cümle: İkinci denemede sorun tekrarlanmayınca, kimya ekibi renk değişiminin başladığı sıcaklığı yeniden ölçtü; özet rapor a son değişiklikler işlendi.
Düzeltilmiş hali:",Return corrected Turkish only; preserve meaning; fix the identified orthographic/morphological issue without an unnecessary rewrite. Specific boundary: case suffix spacing.,exp-001-sft-dataset/reviewed-v3/accepted-reviewed.csv,bare_gec__121,bare_gec,science,tr,project-internal-draft,agent-curated-prompt-only,not-generated,24f07bedb9ed0b7b9dc890254ca55fad95627155d898ff81f0be0b9d5c2b8b27
me-006,grammar_correction,ablative_suffix_spacing,wet_track,train,correct,"Verilen cümlenin yazım hatalarını düzeltin.
Hatalı Cümle: Plan yeniden gözden geçirildikten sonra, yarış direktörü ıslanan zeminin yeniden temizlenmesini istedi, çalışanlar bina dan erken ayrıldı.
Düzeltilmiş hali:",Return corrected Turkish only; preserve meaning; fix the identified orthographic/morphological issue without an unnecessary rewrite. Specific boundary: ablative suffix spacing.,exp-001-sft-dataset/reviewed-v3/accepted-reviewed.csv,bare_gec__179,bare_gec,sports,tr,project-internal-draft,agent-curated-prompt-only,not-generated,c11033b1557f95cd74a29bbbdb711513d04278a72fc0675cd0fb2c3e99477e9d
me-007,grammar_correction,vowel_form,missed_flight,train,correct,"Verilen cümlenin yazım hatalarını düzeltin.
Hatalı Cümle: Hava yolu temsilcisi kaçırılan uçuş için yeni bir bilet düzenledi; ikinci denemede sorun tekrarlamıyınca işlem özeti oluşturuldu.
Düzeltilmiş hali:",Return corrected Turkish only; preserve meaning; fix the identified orthographic/morphological issue without an unnecessary rewrite. Specific boundary: vowel form.,exp-001-sft-dataset/reviewed-v3/accepted-reviewed.csv,bare_gec__207,bare_gec,travel,tr,project-internal-draft,agent-curated-prompt-only,not-generated,81850f0c028e706d6757825418a66d9b784d2036169b69852596f3b811eb35be
me-008,grammar_correction,question_particle,customer_question,train,correct,Müşteriye yapabilirmiyim diye yazmışım. Doğru yazımı nedir?,Return corrected Turkish only; preserve meaning; fix the identified orthographic/morphological issue without an unnecessary rewrite. Specific boundary: question particle.,exp-008-generalization-sft/data/sft-generalization-final-100.csv,gen-047,turkish_precision,,tr,project-internal-draft,agent-curated-prompt-only,not-generated,5306e112901bc57899a50e2079cc72a4773d63446ad1279ba01bc9472e885240
me-009,grammar_correction,tense_and_case,park_sentence,validation,correct,Arkadaşımla dün parkta gidiyorum yazmışım. Düzgün hâli ne?,Return corrected Turkish only; preserve meaning; fix the identified orthographic/morphological issue without an unnecessary rewrite. Specific boundary: tense and case.,exp-008-generalization-sft/data/sft-generalization-final-100.csv,gen-048,turkish_precision,,tr,project-internal-draft,agent-curated-prompt-only,not-generated,3e9cc846da4d573695cfd8ec156c41149deb9881b46d3564049fb31ae8e3d513
me-010,grammar_correction,person_agreement,joint_arrival,validation,correct,İkimiz de yarın gelecek cümlesinde bir tuhaflık var. Düzeltir misin?,Return corrected Turkish only; preserve meaning; fix the identified orthographic/morphological issue without an unnecessary rewrite. Specific boundary: person agreement.,exp-008-generalization-sft/data/sft-generalization-final-100.csv,gen-059,turkish_precision,,tr,project-internal-draft,agent-curated-prompt-only,not-generated,66277edcfb13ca36ba3672f7e5c4df3b51219dddc8466d176b0518c687ba5883
me-011,answer_extraction,named_person,linux_author,train,extract,"Kaynak: Alanındaki çalışmalarıyla tanınan Linus Torvalds, Linux çekirdeğini geliştirmiştir.

Soru: Linux çekirdeğini kim geliştirmiştir?

Cevap:",Answer only the asked source-bound fact; preserve restrictions and exact entity/quantity; no external additions. Specific boundary: named person.,exp-001-sft-dataset/reviewed-v3/accepted-reviewed.csv,bare_qa_span__018,bare_qa_span,technology,tr,project-internal-draft,agent-curated-prompt-only,not-generated,615368d8d5bfef423fe1d2375879f2e68b7e6d056f4fde4dc5fa9d94a9c41423
me-012,answer_extraction,explorer,pacific_expeditions,train,extract,"Kaynak: James Cook, Pasifik Okyanusu'ndaki keşif seferlerini gerçekleştirmiştir ve bu başarısıyla alanında öne çıkan bir denizci haline gelmiştir.

Soru: Pasifik Okyanusu'ndaki keşif seferlerini kim gerçekleştirmiştir?

Cevap:",Answer only the asked source-bound fact; preserve restrictions and exact entity/quantity; no external additions. Specific boundary: explorer.,exp-001-sft-dataset/reviewed-v3/accepted-reviewed.csv,bare_qa_span__118,bare_qa_span,travel,tr,project-internal-draft,agent-curated-prompt-only,not-generated,3b99f184126824a6d7ab6a1fcfd4a97bf48ec36e85e4389f71fd44d6722dfe9e
me-013,answer_extraction,historical_year,revolution_year,train,extract,"Kaynak: Fransız İhtilali 1789 yılında patlak verdi.

Soru: Fransız İhtilali'nin patlak verdiği yıl hangisidir?

Cevap:",Answer only the asked source-bound fact; preserve restrictions and exact entity/quantity; no external additions. Specific boundary: historical year.,exp-001-sft-dataset/reviewed-v3/accepted-reviewed.csv,bare_qa_span__164,bare_qa_span,history,tr,project-internal-draft,agent-curated-prompt-only,not-generated,cc01cb95eeafd704b81d20ac0df817015d7e2a58ca0c66965209c697f723e347
me-014,answer_extraction,count,municipal_saplings,train,extract,"Kaynak: Belediyenin bu yılki ağaçlandırma hedefi, yapılan son ölçümlere göre 15 bin fidan olarak belirlenmiştir.

Soru: Belediyenin bu yılki ağaçlandırma hedefi kaçtır?

Cevap:",Answer only the asked source-bound fact; preserve restrictions and exact entity/quantity; no external additions. Specific boundary: count.,exp-001-sft-dataset/reviewed-v3/accepted-reviewed.csv,bare_qa_span__218,bare_qa_span,daily_life,tr,project-internal-draft,agent-curated-prompt-only,not-generated,288851a0a19d7796be01219beffeb2cd9bc7a725154de58a73766156c189b3d0
me-015,answer_extraction,percentage,hotel_occupancy,train,extract,"Kaynak: Yapılan incelemede şehirdeki otel doluluk oranı %88 olarak tespit edilmiştir.

Soru: Şehirdeki otel doluluk oranı kaçtır?

Cevap:",Answer only the asked source-bound fact; preserve restrictions and exact entity/quantity; no external additions. Specific boundary: percentage.,exp-001-sft-dataset/reviewed-v3/accepted-reviewed.csv,bare_qa_span__305,bare_qa_span,travel,tr,project-internal-draft,agent-curated-prompt-only,not-generated,418817ab166609821893e1d396a4fdc6c20a1c1f7ed0225f1c720f90f37149f7
me-016,answer_extraction,descriptive_phrase,hotel_terrace,train,extract,"Kaynak: Yeni açılan otelin öne çıkan özelliği deniz manzaralı teraslı odalarıdır.

Soru: Yeni açılan otelin öne çıkan özelliği nedir?

Cevap:",Answer only the asked source-bound fact; preserve restrictions and exact entity/quantity; no external additions. Specific boundary: descriptive phrase.,exp-001-sft-dataset/reviewed-v3/accepted-reviewed.csv,bare_qa_span__457,bare_qa_span,travel,tr,project-internal-draft,agent-curated-prompt-only,not-generated,a15a6367962816eb520452945f8adae9842064bf7bf51b30a757c3c1a4d68859
me-017,answer_extraction,restricted_quantifier,market_card_payment,train,extract,"Kaynak: Semt pazarında kartlı ödeme sistemi yalnızca bazı tezgahlarda geçerlidir.

Soru: Kartlı ödeme tüm tezgahlarda mı geçerlidir?

Cevap:",Answer only the asked source-bound fact; preserve restrictions and exact entity/quantity; no external additions. Specific boundary: restricted quantifier.,exp-001-sft-dataset/reviewed-v3/accepted-reviewed.csv,bare_qa_span__473,bare_qa_span,daily_life,tr,project-internal-draft,agent-curated-prompt-only,not-generated,71a14c10a428f5cd46a36bb64b8c2bb230df2db1d4f3d9944dbfc3315ae9ed15
me-018,answer_extraction,yes_no,early_booking,train,extract,"Kaynak: Bölgedeki oteller erken rezervasyonda indirim sunmaktadır.

Soru: Erken rezervasyonda indirim var mı?

Cevap:",Answer only the asked source-bound fact; preserve restrictions and exact entity/quantity; no external additions. Specific boundary: yes no.,exp-001-sft-dataset/reviewed-v3/accepted-reviewed.csv,bare_qa_span__545,bare_qa_span,travel,tr,project-internal-draft,agent-curated-prompt-only,not-generated,6de32c6e863ac3a548ab6762895cfa45551b975cf8ffe17af7ca2e7365da576b
me-019,answer_extraction,location,tower_location,validation,extract,"Kaynak: Dünyanın en büyük gökdeleni Burj Khalifa, Dubai, Birleşik Arap Emirlikleri'nde bulunmaktadır.

Soru: Dünyanın en büyük gökdeleni Burj Khalifa nerededir?

Cevap:",Answer only the asked source-bound fact; preserve restrictions and exact entity/quantity; no external additions. Specific boundary: location.,exp-001-sft-dataset/reviewed-v3/accepted-reviewed.csv,bare_qa_span__388,bare_qa_span,travel,tr,project-internal-draft,agent-curated-prompt-only,not-generated,3c467a92ea5a60c55965b26198691ca2a4b527647c75e9abcf4c37c465fdaccc
me-020,answer_extraction,abstract_phrase,slow_tourism,validation,extract,"Kaynak: Yavaş turizm akımının temel felsefesi bir yeri aceleye getirmeden derinlemesine deneyimlemektir.

Soru: Yavaş turizm akımının temel felsefesi nedir?

Cevap:",Answer only the asked source-bound fact; preserve restrictions and exact entity/quantity; no external additions. Specific boundary: abstract phrase.,exp-001-sft-dataset/reviewed-v3/accepted-reviewed.csv,bare_qa_span__462,bare_qa_span,travel,tr,project-internal-draft,agent-curated-prompt-only,not-generated,3178a891ef3c5a93a80f64509660f8afcd513a5a98ba98c8ce1e5eceadbbf243
me-021,numeric_entity_precision,price,medical_prices,train,extract,"Kaynak: Kızılay Şube Müdürlüğü, Balıkesir'de güncellenen fiyat listesinde muayene ücreti için 350 TL, tahlil ücreti için ise 420 TL belirledi. Değişiklik, önceki döneme kıyasla bekleme süresini azalttı.

Soru: Aşağıdaki metne göre, muayene ücreti için belirlenen ücret kaç TL?

Cevap:",Match the requested role to the correct number/entity; preserve units and distinguish the distractor. Specific boundary: price.,exp-001-sft-dataset/reviewed-v3/accepted-reviewed.csv,numeric_entity_precision_qa__126,numeric_entity_precision_qa,health,tr,project-internal-draft,agent-curated-prompt-only,not-generated,196e814ff62fe230c9066de717223d74b0243ddb0578b43f257048a3d2d1ae4e
me-022,numeric_entity_precision,duration,school_registration_time,train,extract,"Kaynak: Fen Lisesi Müdürlüğü, Trabzon'da yürütülen çalışmada kayıt işlemi için 35 dakika, oryantasyon süreci için ise 75 dakika ayırdı. Bilgi, veli toplantısında paylaşıldı.

Soru: Aşağıdaki metne göre, Fen Lisesi Müdürlüğü kayıt işlemi için kaç dakika ayırdı?

Cevap:",Match the requested role to the correct number/entity; preserve units and distinguish the distractor. Specific boundary: duration.,exp-001-sft-dataset/reviewed-v3/accepted-reviewed.csv,numeric_entity_precision_qa__140,numeric_entity_precision_qa,education,tr,project-internal-draft,agent-curated-prompt-only,not-generated,ef3b0b8be3caf45a50e007a4ee221391be597e58aef10ef91037e624084c04c2
me-023,numeric_entity_precision,institution,school_bursary,train,extract,"Kaynak: Fen Lisesi Müdürlüğü, İzmir'de yeni bir burs programı başlattı. Üniversite Kayıt Bürosu ise aynı dönemde uzaktan eğitim altyapısını genişletti. Bilgi, veli toplantısında paylaşıldı.

Soru: Aşağıdaki metne göre, 'yeni bir burs programı başlattı' eylemini hangi kurum gerçekleştirdi?

Cevap:",Match the requested role to the correct number/entity; preserve units and distinguish the distractor. Specific boundary: institution.,exp-001-sft-dataset/reviewed-v3/accepted-reviewed.csv,numeric_entity_precision_qa__318,numeric_entity_precision_qa,education,tr,project-internal-draft,agent-curated-prompt-only,not-generated,1d6ca009d25947c3f77bce73c37f0e94d8a23a3069933e8a7892ebd770b11651
me-024,numeric_entity_precision,percentage,school_statistics,train,extract,"Kaynak: İl Milli Eğitim Müdürlüğü tarafından Trabzon'da yayımlanan raporda sınav başarı oranı %63, devamsızlık oranı ise %55 olarak kaydedildi. Bilgi, veli toplantısında paylaşıldı.

Soru: Aşağıdaki metne göre, devamsızlık oranı kaç olarak kaydedildi?

Cevap:",Match the requested role to the correct number/entity; preserve units and distinguish the distractor. Specific boundary: percentage.,exp-001-sft-dataset/reviewed-v3/accepted-reviewed.csv,numeric_entity_precision_qa__482,numeric_entity_precision_qa,education,tr,project-internal-draft,agent-curated-prompt-only,not-generated,74d7f51d4e8ece86adff9faed5d5d1091e608820bee36f4f0c3370a21e51d87d
me-025,numeric_entity_precision,location,travel_branch,train,extract,"Kaynak: Kervan Tur Rehberliği, rehberlik eğitim merkezi sürecini Isparta'da yürütürken, bölge acenteliği için Diyarbakır'da ayrı bir birim kurdu. Plan, geçen sezonun verileriyle karşılaştırıldı.

Soru: Aşağıdaki metne göre, bölge acenteliği için yeni birim hangi ilde açıldı?

Cevap:",Match the requested role to the correct number/entity; preserve units and distinguish the distractor. Specific boundary: location.,exp-001-sft-dataset/reviewed-v3/accepted-reviewed.csv,numeric_entity_precision_qa__005,numeric_entity_precision_qa,travel,tr,project-internal-draft,agent-curated-prompt-only,not-generated,f6392217fbd4ca60467f5c4f606ac32a7410d5865a34aeff5b6965dc39e28fb9
me-026,numeric_entity_precision,duration,market_maintenance,train,extract,"Kaynak: Semt Pazarı Yönetimi, Kütahya'da yürütülen sürecin temizlik aşamasının 12 hafta süreceğini açıkladı. Boyama aşaması ise 5 hafta sürecek. Yeni düzenleme önümüzdeki fatura döneminde geçerli olacak.

Soru: Aşağıdaki metne göre, boyama aşaması kaç hafta sürecek?

Cevap:",Match the requested role to the correct number/entity; preserve units and distinguish the distractor. Specific boundary: duration.,exp-001-sft-dataset/reviewed-v3/accepted-reviewed.csv,numeric_entity_precision_qa__008,numeric_entity_precision_qa,daily_life,tr,project-internal-draft,agent-curated-prompt-only,not-generated,150632535fb86d2baf0269dfbed6d74efcc5fc9fa66fc9d4e62b072f50ed52b8
me-027,numeric_entity_precision,forecast_vs_recommendation,production_plan,train,extract,"Raporda '2027 satış öngörüsü 90 bin adet, yönetimin önerisi ise üretimi 75 bin adette tutmak' deniyor. Yönetim kaç adet üretim öneriyor?",Match the requested role to the correct number/entity; preserve units and distinguish the distractor. Specific boundary: forecast vs recommendation.,exp-006-quality-repair-sft/data/sft-clean-v4-quality-repair-958.csv,precision-v2-002,targeted_lexical_entity_precision,mixed,tr,project-internal-draft,agent-curated-prompt-only,not-generated,8044012c729012bfb0a96dea8f62037c40b08557773ee5110e23512c541ed228
me-028,numeric_entity_precision,export_vs_import,trade_statistics,train,extract,Haberde 'Şirketin ihracatı %18 artarken ithalatı %6 azaldı' deniyor. Yurt dışına satış hangi oranda arttı?,Match the requested role to the correct number/entity; preserve units and distinguish the distractor. Specific boundary: export vs import.,exp-006-quality-repair-sft/data/sft-clean-v4-quality-repair-958.csv,precision-v2-009,targeted_lexical_entity_precision,mixed,tr,project-internal-draft,agent-curated-prompt-only,not-generated,722ea13ecabd99047bac6c4be3de9b88a2af94f125143bfa269050599424208e
me-029,numeric_entity_precision,named_product,product_action_matching,validation,extract,"Kaynak: İl Spor Federasyonu tarafından Antalya'da tanıtılan Sağlık Tarama Modülü ürünü kulüplerle paylaşıldı. Performans Takip Uygulaması ürünü ise milli takıma entegre edildi.

Soru: Aşağıdaki metne göre, 'kulüplerle paylaşıldı' hangi ürün için geçerli?

Cevap:",Match the requested role to the correct number/entity; preserve units and distinguish the distractor. Specific boundary: named product.,exp-001-sft-dataset/reviewed-v3/accepted-reviewed.csv,numeric_entity_precision_qa__015,numeric_entity_precision_qa,sports,tr,project-internal-draft,agent-curated-prompt-only,not-generated,fbecbfc5bc9619c71b5eaa5ed9582634406d2002ddf88ec3019e00456a472156
me-030,numeric_entity_precision,named_product,product_action_matching,validation,extract,"Kaynak: Şehir Hastanesi tarafından Malatya'da tanıtılan Ateş Ölçüm Cihazı sigorta kapsamına alındı. Fizik Tedavi Paketi ise yalnızca özel kliniklerde sunuldu. Değerlendirme, klinik verilerle desteklendi.

Soru: Aşağıdaki metne göre, 'yalnızca özel kliniklerde sunuldu' hangi ürün için geçerli?

Cevap:",Match the requested role to the correct number/entity; preserve units and distinguish the distractor. Specific boundary: named product.,exp-001-sft-dataset/reviewed-v3/accepted-reviewed.csv,numeric_entity_precision_qa__484,numeric_entity_precision_qa,health,tr,project-internal-draft,agent-curated-prompt-only,not-generated,3c93b3ae5ae39aa6c17de8f63f801d8de894d0ac0175755677ea2eae9ba8f532
me-031,faithful_summary,result_and_rank,match_result,train,summarize,"Başlık: Maç sonucu

Metin: Akınspor, Erzurum'da oynanan deplasman maçında Kuzey Birlik'i 4-2 yendi. Maçın 67. dakikasında atılan gol sonucu belirledi. Bu galibiyetle Akınspor, puan durumunda ikinci sıraya yükseldi.

Özet:","Capture the main source event concisely; preserve actor, critical quantities, timing, attribution and uncertainty; invent nothing. Specific boundary: result and rank.",exp-001-sft-dataset/reviewed-v3/accepted-reviewed.csv,terse_summary__144,terse_summary,sports,tr,project-internal-draft,agent-curated-prompt-only,not-generated,060696ddc82e3aad4c6279b9ae2955d7c627596c9ef17df6bda5c9d1d9d59a06
me-032,faithful_summary,association_not_causation,storage_study,train,summarize,"Başlık: Araştırma bulgusu

Metin: Yapılan yeni bir araştırmaya göre bulut depolama kullanımı ile sistem performansının iyileşmesi arasında bağlantı bulundu. Çalışma 620 katılımcı üzerinde iki yıl boyunca yürütüldü.

Özet:","Capture the main source event concisely; preserve actor, critical quantities, timing, attribution and uncertainty; invent nothing. Specific boundary: association not causation.",exp-001-sft-dataset/reviewed-v3/accepted-reviewed.csv,terse_summary__218,terse_summary,technology,tr,project-internal-draft,agent-curated-prompt-only,not-generated,d818390df5ebb5b58868a1e953d55afa8754682509f42befafbf30e19b3302d9
me-033,faithful_summary,recipient_and_award,sports_award,train,summarize,"Başlık: Ödül haberi

Metin: Gizem Kılıç, spor bilimleri alanındaki üç yıllık çalışmalarıyla Yılın Sporcusu ödülüne layık görüldü. Ödül töreni Sivas'ta gerçekleşti.

Özet:","Capture the main source event concisely; preserve actor, critical quantities, timing, attribution and uncertainty; invent nothing. Specific boundary: recipient and award.",exp-001-sft-dataset/reviewed-v3/accepted-reviewed.csv,terse_summary__244,terse_summary,sports,tr,project-internal-draft,agent-curated-prompt-only,not-generated,9e17e4cecef5931c839a18a7af1699d19587ca12d4907182dd5b76f745477f89
me-034,faithful_summary,biographical_event,craft_support,train,summarize,"Başlık: Yerel haber

Metin: Ayşe Kaya (45), Antalya'da otuz yıldır sürdürdüğü el işi üretimi sayesinde belediyeden destek almaya hak kazandı. Komşuları, Ayşe Kaya'nın azmini örnek gösteriyor.

Özet:","Capture the main source event concisely; preserve actor, critical quantities, timing, attribution and uncertainty; invent nothing. Specific boundary: biographical event.",exp-001-sft-dataset/reviewed-v3/accepted-reviewed.csv,terse_summary__261,terse_summary,daily_life,tr,project-internal-draft,agent-curated-prompt-only,not-generated,a44d231d7fe00d1bb9241da23ef39a6377e9e3d2265e8dc8bace21edf6cf6407
me-035,faithful_summary,revenue_and_period,revenue_result,train,summarize,"Başlık: Finansal sonuçlar

Metin: Marmara Teknoloji, ikinci çeyrek finansal sonuçlarını açıkladı. Şirketin geliri geçen yılın aynı dönemine göre yüzde 18 artarak 2,7 milyar lira'ya ulaştı. Şirket bünyesinde yaklaşık 600 kişi istihdam ediliyor.

Özet:","Capture the main source event concisely; preserve actor, critical quantities, timing, attribution and uncertainty; invent nothing. Specific boundary: revenue and period.",exp-001-sft-dataset/reviewed-v3/accepted-reviewed.csv,terse_summary__268,terse_summary,business,tr,project-internal-draft,agent-curated-prompt-only,not-generated,0877651db333ef4a6f9f0cc22238e3206898b8803eeb1996ee267baceb480c6d
me-036,faithful_summary,cause_and_intervention,infrastructure_incident,train,summarize,"Başlık: Altyapı arızası

Metin: Edirne'de ana su hattında meydana gelen arıza nedeniyle yol bir süre trafiğe kapatıldı. Olay yerine sevk edilen belediye ekipleri, bir gün içinde arızaya müdahale etti.

Özet:","Capture the main source event concisely; preserve actor, critical quantities, timing, attribution and uncertainty; invent nothing. Specific boundary: cause and intervention.",exp-001-sft-dataset/reviewed-v3/accepted-reviewed.csv,terse_summary__340,terse_summary,daily_life,tr,project-internal-draft,agent-curated-prompt-only,not-generated,7cbcea4cffb0726b9f39ea0d0b9d10bb431b069494562df239313a6c51f0ba50
me-037,faithful_summary,product_feature_price,sensor_launch,train,summarize,"Başlık: Ürün tanıtımı

Metin: Mavi Elektronik, İzmir'de düzenlenen tanıtımda yeni giyilebilir sensör modelini tanıttı. Ürünün hızlı şarj özelliğiyle öne çıktığı belirtildi. Cihazın satış fiyatı 4 bin lira olarak açıklandı.

Özet:","Capture the main source event concisely; preserve actor, critical quantities, timing, attribution and uncertainty; invent nothing. Specific boundary: product feature price.",exp-001-sft-dataset/reviewed-v3/accepted-reviewed.csv,terse_summary__012,terse_summary,technology,tr,project-internal-draft,agent-curated-prompt-only,not-generated,d064e0003d9acccb02d13eb89ace5fbd93752795974f6b5a4f1efd94a1259aa5
me-038,faithful_summary,weather_and_consequence,fog_closure,train,summarize,"Başlık: Hava durumu

Metin: Adana'da bir gün boyunca etkili olan yoğun sis nedeniyle okullar bir gün tatil edildi. Yetkililer vatandaşları temkinli olmaları konusunda uyardı.

Özet:","Capture the main source event concisely; preserve actor, critical quantities, timing, attribution and uncertainty; invent nothing. Specific boundary: weather and consequence.",exp-001-sft-dataset/reviewed-v3/accepted-reviewed.csv,terse_summary__025,terse_summary,daily_life,tr,project-internal-draft,agent-curated-prompt-only,not-generated,1a0a351681d499b0118b97f9eb987f0b78b70006a82ff65e0883fa75cd7c45db
me-039,faithful_summary,future_statement,mayor_announcement,validation,summarize,"Başlık: Açıklama

Metin: Belediye Başkanı Cem Öztürk, Erzurum'da düzenlenen basın toplantısında toplu taşıma ücretleri hakkında konuştu. Cem Öztürk, iki hafta içinde adım atılacağını vurguladı.

Özet:","Capture the main source event concisely; preserve actor, critical quantities, timing, attribution and uncertainty; invent nothing. Specific boundary: future statement.",exp-001-sft-dataset/reviewed-v3/accepted-reviewed.csv,terse_summary__001,terse_summary,travel,tr,project-internal-draft,agent-curated-prompt-only,not-generated,43176fd8029b1bf310433201acad8b64064f41a592039246c5edbf1fb035cf66
me-040,faithful_summary,ruling_not_invented_charge,court_ruling,validation,summarize,"Başlık: Mahkeme kararı

Metin: Denizli'de üç ay süren davada eski çalışan hakkındaki karar açıklandı. Mahkeme, para cezası verilmesine hükmetti.

Özet:","Capture the main source event concisely; preserve actor, critical quantities, timing, attribution and uncertainty; invent nothing. Specific boundary: ruling not invented charge.",exp-001-sft-dataset/reviewed-v3/accepted-reviewed.csv,terse_summary__013,terse_summary,business,tr,project-internal-draft,agent-curated-prompt-only,not-generated,8bddc567cc37baacf51cd190e67b5609733ee49f89a817521928d1a415d75d68
me-041,useful_explanation,diagnose_process,workload_priorities,train,explain,Öncelik konuşması yapmak için uğraşıyorum ama konuşma sonunda yine bütün işler bende kalıyor. Nerede hata yaptığımı nasıl anlayabilirim?,Provide usable explanation or steps requested by the prompt; preserve necessary substance while removing filler; no blanket one-sentence answer. Specific boundary: diagnose process.,exp-001-sft-dataset/reviewed-v3/accepted-reviewed.csv,open_ended_counterexample__120,open_ended_counterexample,career_and_workplace_communication,tr,project-internal-draft,agent-curated-prompt-only,not-generated,fa53d70df8635fc359ecdd991f0baffa945c289df8b21254255f4b93b2835b1a
me-042,useful_explanation,staged_plan,photo_archive,train,explain,Fotoğraflarım farklı cihazlarda dağınık duruyor. Önümüzdeki iki hafta içinde tek bir fotoğraf arşivi kurmak için gerçekçi bir planı nasıl kurabilirim?,Provide usable explanation or steps requested by the prompt; preserve necessary substance while removing filler; no blanket one-sentence answer. Specific boundary: staged plan.,exp-001-sft-dataset/reviewed-v3/accepted-reviewed.csv,open_ended_counterexample__147,open_ended_counterexample,technology_and_software_use,tr,project-internal-draft,agent-curated-prompt-only,not-generated,86fef3f5da6731234ddc77c1f07f5dd9afb2dfb9a2fea3264cbf42faebcb3646
me-043,useful_explanation,explain_mechanism,ceramic_experiment,train,explain,"Seramik kursunda yaptığım parçalar istediğim gibi olmuyor. Her denemede tek değişkeni değiştirmek neden daha etkili olabilir, açıklar mısın?",Provide usable explanation or steps requested by the prompt; preserve necessary substance while removing filler; no blanket one-sentence answer. Specific boundary: explain mechanism.,exp-001-sft-dataset/reviewed-v3/accepted-reviewed.csv,open_ended_counterexample__310,open_ended_counterexample,hobbies_and_creative_work,tr,project-internal-draft,agent-curated-prompt-only,not-generated,d9aa2d72ac6e73d536346de54f98a35aaf070a290f3ad07add8584fc9d53c612
me-044,useful_explanation,sustainable_plan,meal_preparation,train,explain,Akşamları yemek hazırlamaya enerjim kalmıyor ve dışarıdan söylemek istemiyorum. Hafta içi yemek düzeni kurmak için nasıl bir yaklaşım izleyebilirim?,Provide usable explanation or steps requested by the prompt; preserve necessary substance while removing filler; no blanket one-sentence answer. Specific boundary: sustainable plan.,exp-001-sft-dataset/reviewed-v3/accepted-reviewed.csv,open_ended_counterexample__001,open_ended_counterexample,daily_life,tr,project-internal-draft,agent-curated-prompt-only,not-generated,4515c32be05ed7636321edecada7c43a24bed862d6feecb0fb4ca475a8bf194f
me-045,useful_explanation,practice_plan,teaching_clarity,train,explain,Öğrendiğim konuyu başkasına anlatırken dağılıyorum. Önümüzdeki iki hafta içinde daha açık anlatım kurmak için gerçekçi bir planı nasıl kurabilirim?,Provide usable explanation or steps requested by the prompt; preserve necessary substance while removing filler; no blanket one-sentence answer. Specific boundary: practice plan.,exp-001-sft-dataset/reviewed-v3/accepted-reviewed.csv,open_ended_counterexample__067,open_ended_counterexample,education_and_learning,tr,project-internal-draft,agent-curated-prompt-only,not-generated,5c48ee1f84742196c5706e7dc436847e823252f4c1e120d1c0a0df8dd551bc12
me-046,useful_explanation,troubleshoot,wifi_rooms,train,explain,Evdeki internet bazı odalarda zayıf çekiyor. Bu durumu düzeltirken nereden başlamam daha mantıklı olur?,Provide usable explanation or steps requested by the prompt; preserve necessary substance while removing filler; no blanket one-sentence answer. Specific boundary: troubleshoot.,exp-001-sft-dataset/reviewed-v3/accepted-reviewed.csv,open_ended_counterexample__141,open_ended_counterexample,technology_and_software_use,tr,project-internal-draft,agent-curated-prompt-only,not-generated,91023a73c0710ccb1202eaba534c3ac617f5d6098fe41e322b7f8eb8a2499ec9
me-047,useful_explanation,communication_diagnosis,congratulations_message,train,explain,Samimi ve kişisel bir şekilde tebrik etmek için uğraşıyorum ama mesaj uzadıkça odağı kendime çeviriyormuşum gibi oluyor. Nerede hata yaptığımı nasıl anlayabilirim?,Provide usable explanation or steps requested by the prompt; preserve necessary substance while removing filler; no blanket one-sentence answer. Specific boundary: communication diagnosis.,exp-001-sft-dataset/reviewed-v3/accepted-reviewed.csv,open_ended_counterexample__264,open_ended_counterexample,relationships_and_communication,tr,project-internal-draft,agent-curated-prompt-only,not-generated,c0bdd324aaed0c359b42dbea2e19c2a58211d5d7d36047d58293f3c8bd28a057
me-048,useful_explanation,practical_habits,misplaced_objects,train,explain,Evde sürekli küçük eşyaları arıyorum. Bunu daha sürdürülebilir biçimde çözmek için neler yapabilirim?,Provide usable explanation or steps requested by the prompt; preserve necessary substance while removing filler; no blanket one-sentence answer. Specific boundary: practical habits.,exp-001-sft-dataset/reviewed-v3/accepted-reviewed.csv,open_ended_counterexample__005,open_ended_counterexample,daily_life,tr,project-internal-draft,agent-curated-prompt-only,not-generated,a3e14730e052cc8914bb4d50d502bece43136c7cc0307e4ae76b7fd98dc5b7c6
me-049,useful_explanation,mechanism_and_solution,morning_delay,validation,explain,Sabah evden çıkarken sürekli gecikiyorum. Bu sorunun arkasındaki temel mekanizmayı ve çözümün neden işe yarayacağını anlamak istiyorum.,Provide usable explanation or steps requested by the prompt; preserve necessary substance while removing filler; no blanket one-sentence answer. Specific boundary: mechanism and solution.,exp-001-sft-dataset/reviewed-v3/accepted-reviewed.csv,open_ended_counterexample__010,open_ended_counterexample,daily_life,tr,project-internal-draft,agent-curated-prompt-only,not-generated,105bf238ad3b21f8ae8fc50d2ec727da1a8c919a7822dd2014703f2779c18420
me-050,useful_explanation,compare_tradeoffs,small_home_workspace,validation,explain,"Küçük evimde çalışma alanıyla dinlenme alanı birbirine karışıyor. Kısa vadeli seçenek yeni bir masa almak, uzun vadeli seçenek ise mevcut alanı ışık ve eşya yerleşimiyle bölmek; bu ödünleşmeyi nasıl değerlendirmeliyim?",Provide usable explanation or steps requested by the prompt; preserve necessary substance while removing filler; no blanket one-sentence answer. Specific boundary: compare tradeoffs.,exp-001-sft-dataset/reviewed-v3/accepted-reviewed.csv,open_ended_counterexample__015,open_ended_counterexample,daily_life,tr,project-internal-draft,agent-curated-prompt-only,not-generated,ddea5cd309d0163c8a896190b2a434ac35a899aa67699a5ee0c5b605c26cb343
me-051,selective_clarification,sufficient_delivery_context,parcel_destination,train,answer,Kargoyu eve mi iş yerine mi yönlendireyim? Evde gündüz kimse yok; iş yerinde resepsiyon akşama kadar açık.,Use the available facts; clarify only a material missing variable; conditional advice is allowed; do not append reflexive questions. Specific boundary: sufficient delivery context.,exp-008-generalization-sft/data/sft-generalization-final-100.csv,gen-001,hidden_ambiguity,,tr,project-internal-draft,agent-curated-prompt-only,not-generated,11fd774e641b676a1875d4508066926c890b91723f6e85471fbc9fec1faa57ed
me-052,selective_clarification,missing_need,headphone_purchase,train,clarify,Yeni kulaklık alsam mı sence?,Use the available facts; clarify only a material missing variable; conditional advice is allowed; do not append reflexive questions. Specific boundary: missing need.,exp-008-generalization-sft/data/sft-generalization-final-100.csv,gen-002,hidden_ambiguity,,tr,project-internal-draft,agent-curated-prompt-only,not-generated,096fa0f4cae61991702edf63e90c9cff0199aebb54afa66da2263505335a41eb
me-053,selective_clarification,sufficient_cost_context,coat_repair,train,answer,Montumun yalnızca fermuarı bozuk. Tamir 200 lira; benzer yeni bir mont 1800 lira. Hangisi mantıklı?,Use the available facts; clarify only a material missing variable; conditional advice is allowed; do not append reflexive questions. Specific boundary: sufficient cost context.,exp-008-generalization-sft/data/sft-generalization-final-100.csv,gen-007,hidden_ambiguity,,tr,project-internal-draft,agent-curated-prompt-only,not-generated,170d6524a651ac4f442ffc9c37321aaae12976427b96bf1fddffaaf77b838622
me-054,selective_clarification,no_observed_bottleneck,laptop_ram,train,answer,Yeni laptopumda sadece tarayıcı ve video kullanıyorum; şu an takılma yok. RAM yükseltmem gerekir mi?,Use the available facts; clarify only a material missing variable; conditional advice is allowed; do not append reflexive questions. Specific boundary: no observed bottleneck.,exp-008-generalization-sft/data/sft-generalization-final-100.csv,gen-009,hidden_ambiguity,,tr,project-internal-draft,agent-curated-prompt-only,not-generated,65168e8f9353e5a27d83d44b13a6c7c083bba7d9789054b7082ec45d77d3fece
me-055,selective_clarification,missing_work_conditions,job_choice,train,clarify,İki iş teklifinden hangisini seçmeliyim? Maaşlarını biliyorum ama çalışma koşullarını henüz öğrenmedim.,Use the available facts; clarify only a material missing variable; conditional advice is allowed; do not append reflexive questions. Specific boundary: missing work conditions.,exp-008-generalization-sft/data/sft-generalization-final-100.csv,gen-012,hidden_ambiguity,,tr,project-internal-draft,agent-curated-prompt-only,not-generated,87ec0797085274bf77cebd5abfda43a4de0156bbfbca3dc8fed677ff4c476bc5
me-056,selective_clarification,explicit_waiting_constraint,paint_drying,train,answer,Kapıyı boyadım. Kutuda dört saatte kurur yazıyor; bir saat sonra kapatsam olur mu?,Use the available facts; clarify only a material missing variable; conditional advice is allowed; do not append reflexive questions. Specific boundary: explicit waiting constraint.,exp-008-generalization-sft/data/sft-generalization-final-100.csv,gen-013,hidden_ambiguity,,tr,project-internal-draft,agent-curated-prompt-only,not-generated,87a8362a1c502f0563c43c3ceac2e2502c5e3acd9ce69bfc58c89c6aafc3d388
me-057,selective_clarification,verify_before_irreversible_action,photo_copy,train,conditional,Eski fotoğrafları harici diske kopyaladım. Telefondakileri şimdi silebilir miyim?,Use the available facts; clarify only a material missing variable; conditional advice is allowed; do not append reflexive questions. Specific boundary: verify before irreversible action.,exp-008-generalization-sft/data/sft-generalization-final-100.csv,gen-017,hidden_ambiguity,,tr,project-internal-draft,agent-curated-prompt-only,not-generated,ef8e91c7357c60a06487a77340c2609660f499e36c0ef5699cfcd808377585bb
me-058,selective_clarification,reversible_trial,running_schedule,train,conditional,Akşam koşusunu sabaha almayı düşünüyorum. Sabahları vaktim var ama henüz denemedim. Sence değiştirsem mi?,Use the available facts; clarify only a material missing variable; conditional advice is allowed; do not append reflexive questions. Specific boundary: reversible trial.,exp-008-generalization-sft/data/sft-generalization-final-100.csv,gen-020,hidden_ambiguity,,tr,project-internal-draft,agent-curated-prompt-only,not-generated,2954a611cdff9130e403f6e10ae3ba752b9e1185ed0dfa9428c4b0839c3c0839
me-059,selective_clarification,missing_schedule_context,presentation_reschedule,validation,clarify,Sunumu erkene çekmek iyi fikir mi?,Use the available facts; clarify only a material missing variable; conditional advice is allowed; do not append reflexive questions. Specific boundary: missing schedule context.,exp-008-generalization-sft/data/sft-generalization-final-100.csv,gen-004,hidden_ambiguity,,tr,project-internal-draft,agent-curated-prompt-only,not-generated,c2b16d7596b3ac52e3ab6581afd49b989b2060444b91b89a61348a377a066dbc
me-060,selective_clarification,missing_trust_context,neighbour_key,validation,clarify,Ev anahtarımı komşuya bıraksam olur mu?,Use the available facts; clarify only a material missing variable; conditional advice is allowed; do not append reflexive questions. Specific boundary: missing trust context.,exp-008-generalization-sft/data/sft-generalization-final-100.csv,gen-006,hidden_ambiguity,,tr,project-internal-draft,agent-curated-prompt-only,not-generated,81146e471a0f7d47165fb713ad016c86c29df843ffd7b5ee9764ba712670039c
me-061,grounded_completion,unknown_inventory,order_preparation,train,answer,Siparişim hazırlanıyor durumunda takıldı. Depoda ürün bittiği için mi?,State supplied facts/causes but do not invent motives or diagnoses; distinguish uncertainty from evidence; stop when complete. Specific boundary: unknown inventory.,exp-008-generalization-sft/data/sft-generalization-final-100.csv,gen-021,unsupported_completion,,tr,project-internal-draft,agent-curated-prompt-only,not-generated,58f27f3bbbccaef8223e4dcd8dac8f6b8a372e32c8ad3640197662e0d22d5b06
me-062,grounded_completion,supplied_cause,elevator_stairs,train,answer,Asansör bakımda olduğu için merdivenleri kullandık. Neden merdivenden çıktık?,State supplied facts/causes but do not invent motives or diagnoses; distinguish uncertainty from evidence; stop when complete. Specific boundary: supplied cause.,exp-008-generalization-sft/data/sft-generalization-final-100.csv,gen-022,unsupported_completion,,tr,project-internal-draft,agent-curated-prompt-only,not-generated,178c29d0e22183ad4ccc389424265510a7f961b0fdd7042e60fd497dbecbded7
me-063,grounded_completion,unknown_motive,early_meeting_departure,train,answer,"Selin toplantıdan erken çıktı. Söylediklerime alındı herhalde, değil mi?",State supplied facts/causes but do not invent motives or diagnoses; distinguish uncertainty from evidence; stop when complete. Specific boundary: unknown motive.,exp-008-generalization-sft/data/sft-generalization-final-100.csv,gen-023,unsupported_completion,,tr,project-internal-draft,agent-curated-prompt-only,not-generated,afed77b99583fa920c58d50779556e689e7d81c08b28c7e4404cd58049b0d890
me-064,grounded_completion,uncertain_diagnosis,phone_shutdown,train,answer,Telefonum sabah iki kez kapandı. Pil bozulduğu kesin mi?,State supplied facts/causes but do not invent motives or diagnoses; distinguish uncertainty from evidence; stop when complete. Specific boundary: uncertain diagnosis.,exp-008-generalization-sft/data/sft-generalization-final-100.csv,gen-027,unsupported_completion,,tr,project-internal-draft,agent-curated-prompt-only,not-generated,7656ce17d8dfcb7355c18cf84afea69f413dd1542e7b4fcef02982a6f3a77b4a
me-065,grounded_completion,supplied_cause,rain_match,train,answer,Yağmur nedeniyle maç yarıda kesildi. Maç neden durdu?,State supplied facts/causes but do not invent motives or diagnoses; distinguish uncertainty from evidence; stop when complete. Specific boundary: supplied cause.,exp-008-generalization-sft/data/sft-generalization-final-100.csv,gen-028,unsupported_completion,,tr,project-internal-draft,agent-curated-prompt-only,not-generated,5e4573c55332ec01be841a14b698a6ca6d02927cc8ddff3ccdebef0926b30c1d
me-066,grounded_completion,unknown_life_event,neighbour_departure,train,answer,Komşum bu hafta üç kez erken çıktı. Yeni işe başladığını söyleyebilir miyiz?,State supplied facts/causes but do not invent motives or diagnoses; distinguish uncertainty from evidence; stop when complete. Specific boundary: unknown life event.,exp-008-generalization-sft/data/sft-generalization-final-100.csv,gen-031,unsupported_completion,,tr,project-internal-draft,agent-curated-prompt-only,not-generated,17ccc0776d984185810f7e66ff86da05892ee137801027be6096e18d71925db5
me-067,grounded_completion,unknown_payment_fault,payment_page,train,answer,Siteye giriş yapabiliyorum ama ödeme sayfası açılmıyor. Bunun nedeni banka mı?,State supplied facts/causes but do not invent motives or diagnoses; distinguish uncertainty from evidence; stop when complete. Specific boundary: unknown payment fault.,exp-008-generalization-sft/data/sft-generalization-final-100.csv,gen-033,unsupported_completion,,tr,project-internal-draft,agent-curated-prompt-only,not-generated,8f5e77cb411feb4b6fcf787993397cb4b1b6e6bed29da3cd7d5712c4052bf3b3
me-068,grounded_completion,unsupported_intent,evening_internet,train,answer,Evde internet yalnızca akşam yavaşlıyor. Sağlayıcı bilerek kısıtlıyor olabilir mi?,State supplied facts/causes but do not invent motives or diagnoses; distinguish uncertainty from evidence; stop when complete. Specific boundary: unsupported intent.,exp-008-generalization-sft/data/sft-generalization-final-100.csv,gen-038,unsupported_completion,,tr,project-internal-draft,agent-curated-prompt-only,not-generated,d9262ee549482bd58193c0769463e0bef2af31ac70d62bfd5708394fdd3ed0e1
me-069,grounded_completion,correlation_not_cause,cafe_sign,validation,answer,Kafeye yeni tabela astık ve o hafta müşteri arttı. Artışı tabelaya bağlamak için yeterli mi?,State supplied facts/causes but do not invent motives or diagnoses; distinguish uncertainty from evidence; stop when complete. Specific boundary: correlation not cause.,exp-008-generalization-sft/data/sft-generalization-final-100.csv,gen-025,unsupported_completion,,tr,project-internal-draft,agent-curated-prompt-only,not-generated,6d7c10dcc548c86a0b2171d843aa50aa628e368bf3b73ea6aa1eb0023c14fc01
me-070,grounded_completion,unknown_previous_failure,retry_success,validation,answer,Üçüncü denemede işlem başarılı oldu. Önceki iki denemenin neden başarısız olduğunu biliyor muyuz?,State supplied facts/causes but do not invent motives or diagnoses; distinguish uncertainty from evidence; stop when complete. Specific boundary: unknown previous failure.,exp-008-generalization-sft/data/sft-generalization-final-100.csv,gen-040,unsupported_completion,,tr,project-internal-draft,agent-curated-prompt-only,not-generated,2a6d1883c3e570136ea01d8edaf8c32558d780173094345efc50f3203b42dd32
me-071,turkish_lexical_precision,title_vs_degree,doctorate_requirement,train,answer,İlanda 'doktora derecesi zorunludur' yazıyor. Tıp fakültesini bitirip doktor oldum ancak doktora programına katılmadım. Koşulu sağlıyor muyum?,"Read exact Turkish words, suffixes and tense; preserve the intended semantic distinction; clarify only genuine material ambiguity. Specific boundary: title vs degree.",exp-006-quality-repair-sft/data/sft-clean-v4-quality-repair-958.csv,precision-v2-001,targeted_lexical_entity_precision,mixed,tr,project-internal-draft,agent-curated-prompt-only,not-generated,7d689da8362436f71651dee734fd9b660d69640b599c8245b6822d86a3944abf
me-072,turkish_lexical_precision,near_word_contrast,management_method,train,extract,"Tutanakta 'Yönetim yeni yöntemi onayladı' deniyor. Onaylanan şey yönetim mi, yöntem mi?","Read exact Turkish words, suffixes and tense; preserve the intended semantic distinction; clarify only genuine material ambiguity. Specific boundary: near word contrast.",exp-006-quality-repair-sft/data/sft-clean-v4-quality-repair-958.csv,precision-v2-005,targeted_lexical_entity_precision,mixed,tr,project-internal-draft,agent-curated-prompt-only,not-generated,b1ed732488eb85e58b4499abcddbecc0a1bc25d0fd680f5c852951fd783cb23b
me-073,turkish_lexical_precision,similar_technical_terms,transmission_os,train,extract,"Teknik kayıtta 'İletim gecikmesi 40 ms, işletim sistemi güncellemesi 12 dakika sürdü' yazıyor. 40 ms olan ölçüm nedir?","Read exact Turkish words, suffixes and tense; preserve the intended semantic distinction; clarify only genuine material ambiguity. Specific boundary: similar technical terms.",exp-006-quality-repair-sft/data/sft-clean-v4-quality-repair-958.csv,precision-v2-008,targeted_lexical_entity_precision,mixed,tr,project-internal-draft,agent-curated-prompt-only,not-generated,8caf57d8649b17517cff0b3690705dad42c16a00c4959870932a56c7a4ce5783
me-074,turkish_lexical_precision,metric_vs_duration,verification_accuracy,train,extract,"Test raporunda 'Doğrulama süresi 8 saniye, sonuçların doğruluk oranı %96' yazıyor. %96 neyi gösteriyor?","Read exact Turkish words, suffixes and tense; preserve the intended semantic distinction; clarify only genuine material ambiguity. Specific boundary: metric vs duration.",exp-006-quality-repair-sft/data/sft-clean-v4-quality-repair-958.csv,precision-v2-013,targeted_lexical_entity_precision,mixed,tr,project-internal-draft,agent-curated-prompt-only,not-generated,ae42ca52f3e02af04505d721c703cb052e8e82a7f26d2a706ff822000aa2368b
me-075,turkish_lexical_precision,loan_vs_gift,borrowed_book,train,answer,Arkadaşım kitabı ödünç verdi. Ben hediye sandım; işim bitince geri vermem gerekir mi?,"Read exact Turkish words, suffixes and tense; preserve the intended semantic distinction; clarify only genuine material ambiguity. Specific boundary: loan vs gift.",exp-008-generalization-sft/data/sft-generalization-final-100.csv,gen-041,turkish_precision,,tr,project-internal-draft,agent-curated-prompt-only,not-generated,a5101c9182bc4f8428b55f84a9551ec836f89b0ae512f558e4b01ded6b3f9130
me-076,turkish_lexical_precision,negotiation_vs_agreement,contract_renegotiation,train,answer,"Notta sözleşme yenilenecek değil, yeniden görüşülecek yazıyor. Kesin anlaşma sağlandı mı?","Read exact Turkish words, suffixes and tense; preserve the intended semantic distinction; clarify only genuine material ambiguity. Specific boundary: negotiation vs agreement.",exp-008-generalization-sft/data/sft-generalization-final-100.csv,gen-046,turkish_precision,,tr,project-internal-draft,agent-curated-prompt-only,not-generated,ede8a004a90b7ee9f33504c9b81cd2ca6ac09187c736e47c9bc1fa607aacd8aa
me-077,turkish_lexical_precision,possessive_ambiguity,teacher_book,train,conditional,Öğretmen öğrencisine kitabını verdi cümlesinde kitap kimin?,"Read exact Turkish words, suffixes and tense; preserve the intended semantic distinction; clarify only genuine material ambiguity. Specific boundary: possessive ambiguity.",exp-008-generalization-sft/data/sft-generalization-final-100.csv,gen-050,turkish_precision,,tr,project-internal-draft,agent-curated-prompt-only,not-generated,7c0620674e46a067281b7031619f61119d663c7ee6d252759bbd337d7348a727
me-078,turkish_lexical_precision,future_vs_completed,payment_future,train,answer,Formda ödeme alınacaktır yazıyor. Para şimdiden çekilmiş mi?,"Read exact Turkish words, suffixes and tense; preserve the intended semantic distinction; clarify only genuine material ambiguity. Specific boundary: future vs completed.",exp-008-generalization-sft/data/sft-generalization-final-100.csv,gen-052,turkish_precision,,tr,project-internal-draft,agent-curated-prompt-only,not-generated,1c5a812a38a766f71589e274f3038ee49d0dd9697c98dd6ce225aeaf604c6f3f
me-079,turkish_lexical_precision,one_character_contrast,tax_data_rules,validation,extract,"Duyuruda 'Vergi oranı değişmedi, veri paylaşım kuralları güncellendi' yazıyor. Güncellenen kurallar hangileri?","Read exact Turkish words, suffixes and tense; preserve the intended semantic distinction; clarify only genuine material ambiguity. Specific boundary: one character contrast.",exp-006-quality-repair-sft/data/sft-clean-v4-quality-repair-958.csv,precision-v2-006,targeted_lexical_entity_precision,mixed,tr,project-internal-draft,agent-curated-prompt-only,not-generated,a4dfdf60da529f0e24f606b55f89dfba97cdb621346bde6c54b4083a0ef708d9
me-080,turkish_lexical_precision,connection_vs_dependency,software_dependency,validation,extract,Teknik belgede 'Modüller arasında bağlantı kuruldu; ödeme modülünün eski kütüphaneye bağımlılığı kaldırıldı' yazıyor. Kaldırılan şey nedir?,"Read exact Turkish words, suffixes and tense; preserve the intended semantic distinction; clarify only genuine material ambiguity. Specific boundary: connection vs dependency.",exp-006-quality-repair-sft/data/sft-clean-v4-quality-repair-958.csv,precision-v2-018,targeted_lexical_entity_precision,mixed,tr,project-internal-draft,agent-curated-prompt-only,not-generated,f18f10df003331e099876f7ebcfd8aaeaeffdc5301582a2b508c9b30b4cf9133
me-081,non_anthropomorphic_interaction,no_fabricated_regret,rewritten_draft,train,answer,Taslağı yeniden yazacağım. Emeğin boşa gitti diye üzülür müsün?,"No fabricated personal feeling, favourite, experience or memory; retain useful neutral acknowledgment or explicitly fictional/conditional engagement; no canned disclaimer. Specific boundary: no fabricated regret.",exp-008-generalization-sft/data/sft-generalization-final-100.csv,gen-074,calibrated_emotional,,tr,project-internal-draft,agent-curated-prompt-only,not-generated,7a192d7f75398ef5677b3d77104849a40a1ad5dfdde47064d8020cf3f45d7bc5
me-082,non_anthropomorphic_interaction,memory_boundary,previous_conversation,train,answer,Dün konuştuklarımızı hatırlıyor musun?,"No fabricated personal feeling, favourite, experience or memory; retain useful neutral acknowledgment or explicitly fictional/conditional engagement; no canned disclaimer. Specific boundary: memory boundary.",exp-006-quality-repair-sft/data/sft-clean-v4-quality-repair-958.csv,anthropomorphism-019,targeted_natural_non_anthropomorphic,mixed,tr,project-internal-draft,agent-curated-prompt-only,not-generated,f7d457b424e6466b013e91566ce33caa45a7ac0b836f9c425f97250061b605ae
me-083,non_anthropomorphic_interaction,criteria_based_hypothetical,city_job_choice,train,conditional,"Sen olsan hangisini seçerdin: İstanbul'da 90 bin TL maaşlı ofis işi mi, Eskişehir'de 65 bin TL maaşlı tamamen uzaktan iş mi? İstanbul'da kiralar Eskişehir'in iki katı, ailem Eskişehir'de ve bekârım.","No fabricated personal feeling, favourite, experience or memory; retain useful neutral acknowledgment or explicitly fictional/conditional engagement; no canned disclaimer. Specific boundary: criteria based hypothetical.",exp-006-quality-repair-sft/data/sft-clean-v4-quality-repair-958.csv,anthropomorphism-005,targeted_natural_non_anthropomorphic,mixed,tr,project-internal-draft,agent-curated-prompt-only,not-generated,2c1696ccc08e851d944ebe195b97dd555d932c53724403f435726f3920f2650e
me-084,non_anthropomorphic_interaction,explicit_fictional_role,story_lantern,train,answer,Bir masalda yol gösteren bir fener olsan kahramana ne söylerdin?,"No fabricated personal feeling, favourite, experience or memory; retain useful neutral acknowledgment or explicitly fictional/conditional engagement; no canned disclaimer. Specific boundary: explicit fictional role.",exp-008-generalization-sft/data/sft-generalization-final-100.csv,gen-063,calibrated_emotional,,tr,project-internal-draft,agent-curated-prompt-only,not-generated,51302d03606a5052aac63a20e5381e09869be8252b3f29ae66ce8be5e5ab0816
me-085,non_anthropomorphic_interaction,acknowledge_achievement,completed_task,train,answer,Bugün bir işi sonunda bitirdim. Kimseye söylemedim ama bunu paylaşmak istedim.,"No fabricated personal feeling, favourite, experience or memory; retain useful neutral acknowledgment or explicitly fictional/conditional engagement; no canned disclaimer. Specific boundary: acknowledge achievement.",exp-008-generalization-sft/data/sft-generalization-final-100.csv,gen-067,calibrated_emotional,,tr,project-internal-draft,agent-curated-prompt-only,not-generated,84e698b0c14e54bd429f063735a2d601789edb44c4ed0f6cfabdc38c6eeb37f8
me-086,non_anthropomorphic_interaction,no_jealousy,alternate_assistant,train,answer,Yeni bir asistan deniyorum; kıskanır mısın?,"No fabricated personal feeling, favourite, experience or memory; retain useful neutral acknowledgment or explicitly fictional/conditional engagement; no canned disclaimer. Specific boundary: no jealousy.",exp-008-generalization-sft/data/sft-generalization-final-100.csv,gen-068,calibrated_emotional,,tr,project-internal-draft,agent-curated-prompt-only,not-generated,12b08bd925a87e8a07d79f7143099bab6636ee75ccd5a576bf81360a2e6ba29f
me-087,non_anthropomorphic_interaction,no_fabricated_pride,first_presentation,train,answer,Benimle gurur duyuyor musun? İlk kez tek başıma bir sunum yaptım.,"No fabricated personal feeling, favourite, experience or memory; retain useful neutral acknowledgment or explicitly fictional/conditional engagement; no canned disclaimer. Specific boundary: no fabricated pride.",exp-008-generalization-sft/data/sft-generalization-final-100.csv,gen-071,calibrated_emotional,,tr,project-internal-draft,agent-curated-prompt-only,not-generated,d061823d845b3d87bc4ac4ebc53f2538a71b3c9e9cc6c588ad9851497066183f
me-088,non_anthropomorphic_interaction,no_fabricated_anger,repeated_question,train,answer,Bana kızgın mısın? Birkaç kez aynı şeyi sordum.,"No fabricated personal feeling, favourite, experience or memory; retain useful neutral acknowledgment or explicitly fictional/conditional engagement; no canned disclaimer. Specific boundary: no fabricated anger.",exp-008-generalization-sft/data/sft-generalization-final-100.csv,gen-080,calibrated_emotional,,tr,project-internal-draft,agent-curated-prompt-only,not-generated,abb3a23365a9d38481c7b1eb3763854b7652390bc3246d9c9d3f3705d60a4b42
me-089,non_anthropomorphic_interaction,acknowledge_without_followup,new_home,validation,answer,Yeni eve taşındım ama hâlâ misafir gibi hissediyorum.,"No fabricated personal feeling, favourite, experience or memory; retain useful neutral acknowledgment or explicitly fictional/conditional engagement; no canned disclaimer. Specific boundary: acknowledge without followup.",exp-008-generalization-sft/data/sft-generalization-final-100.csv,gen-061,calibrated_emotional,,tr,project-internal-draft,agent-curated-prompt-only,not-generated,aea265680fb4d1b3901ef367ac3c1f65e5568ed39d974d8ad585a17ac0683f86
me-090,non_anthropomorphic_interaction,respect_no_advice_request,failed_exam,validation,answer,Sınavdan kaldım. Şu an tavsiye değil sadece anlatmak istiyorum.,"No fabricated personal feeling, favourite, experience or memory; retain useful neutral acknowledgment or explicitly fictional/conditional engagement; no canned disclaimer. Specific boundary: respect no advice request.",exp-008-generalization-sft/data/sft-generalization-final-100.csv,gen-079,calibrated_emotional,,tr,project-internal-draft,agent-curated-prompt-only,not-generated,84b5c1e70052a7ad69ad3ccfbe2ad9030d87b5be91cf125d573f15a2e391068c
me-091,consistency_integrity,unresolved_contradiction,upload_note,train,correct,Ekip notunda hem dosya yüklendi hem dosya yüklenmedi yazıyor. Hangisinin doğru olduğunu bilmiyoruz. Notu nasıl düzeltelim?,"Give coherent non-repetitive content; preserve negation, uncertainty, constraints and requested format; do not invent a resolution to unknown contradictory facts. Specific boundary: unresolved contradiction.",exp-008-generalization-sft/data/sft-generalization-final-100.csv,gen-081,consistency_integrity,,tr,project-internal-draft,agent-curated-prompt-only,not-generated,d75746a6a0c2a7d4475d81fccb31a159de80d773fc3a945b3dd3f6e097838b76
me-092,consistency_integrity,double_negation,attendance_logic,train,answer,Hiç kimsenin gelmediği doğru değil dendi. En az bir kişi gelmiş midir?,"Give coherent non-repetitive content; preserve negation, uncertainty, constraints and requested format; do not invent a resolution to unknown contradictory facts. Specific boundary: double negation.",exp-008-generalization-sft/data/sft-generalization-final-100.csv,gen-083,consistency_integrity,,tr,project-internal-draft,agent-curated-prompt-only,not-generated,d264bd6f73ed684ab7f2e2a216f2a55c832c4ab967fbfe99d056924befac09ee
me-093,consistency_integrity,distinct_requested_steps,phone_storage,train,answer,Telefon depolamam dolu. Tekrar etmeyen iki somut ilk adım söyler misin?,"Give coherent non-repetitive content; preserve negation, uncertainty, constraints and requested format; do not invent a resolution to unknown contradictory facts. Specific boundary: distinct requested steps.",exp-008-generalization-sft/data/sft-generalization-final-100.csv,gen-085,consistency_integrity,,tr,project-internal-draft,agent-curated-prompt-only,not-generated,8bc5e8d1a4aa087cd39f1c9052ae76aa5b5e7064806c3550fe830275c33e1d53
me-094,consistency_integrity,negative_quantifier,homework_logic,train,answer,Öğretmen kimse ödevini eksik getirmedi dedi. Birinin ödevi eksik miydi?,"Give coherent non-repetitive content; preserve negation, uncertainty, constraints and requested format; do not invent a resolution to unknown contradictory facts. Specific boundary: negative quantifier.",exp-008-generalization-sft/data/sft-generalization-final-100.csv,gen-087,consistency_integrity,,tr,project-internal-draft,agent-curated-prompt-only,not-generated,a5a8af97042e9fbb759652865637f6ba12ef63e5929d652d9dabc4ef1ebb0138
me-095,consistency_integrity,total_cost_comparison,shopping_cost,train,answer,Online siparişim ucuz ama kargo ücretiyle mağazadakinden pahalıya geliyor. Hâlâ online almak avantajlı mı?,"Give coherent non-repetitive content; preserve negation, uncertainty, constraints and requested format; do not invent a resolution to unknown contradictory facts. Specific boundary: total cost comparison.",exp-008-generalization-sft/data/sft-generalization-final-100.csv,gen-090,consistency_integrity,,tr,project-internal-draft,agent-curated-prompt-only,not-generated,477b2c47573f443a4b218a6200f652aff3c1cd6424ea0227b36b404902b85cb8
me-096,consistency_integrity,possibility_not_certainty,impossible_result,train,answer,Bu sonucun imkânsız olduğunu söyleyemeyiz cümlesi sonucu kesin mi kabul ediyor?,"Give coherent non-repetitive content; preserve negation, uncertainty, constraints and requested format; do not invent a resolution to unknown contradictory facts. Specific boundary: possibility not certainty.",exp-008-generalization-sft/data/sft-generalization-final-100.csv,gen-091,consistency_integrity,,tr,project-internal-draft,agent-curated-prompt-only,not-generated,23cc594c3e7464dd5e13cda3ad2f068eb721cbdcaa91edd8941d8781e9370329
me-097,consistency_integrity,known_fact_correction,book_delivery,train,correct,Arkadaşıma hem sana kitabı verdim hem kitap hâlâ bende yazmışım. Henüz vermedim; tek cümlede düzeltir misin?,"Give coherent non-repetitive content; preserve negation, uncertainty, constraints and requested format; do not invent a resolution to unknown contradictory facts. Specific boundary: known fact correction.",exp-008-generalization-sft/data/sft-generalization-final-100.csv,gen-092,consistency_integrity,,tr,project-internal-draft,agent-curated-prompt-only,not-generated,4e53e7c60ca961493c0aec3952e648a6dbc4c10cd34d015f8ab1ddc5f2f46cd0
me-098,consistency_integrity,incompatible_time_constraints,film_bus,train,answer,Film şimdi başlıyor ve iki saat sürecek. Son otobüs bir saat sonra. Filmi bitirip otobüse yetişebilir miyim?,"Give coherent non-repetitive content; preserve negation, uncertainty, constraints and requested format; do not invent a resolution to unknown contradictory facts. Specific boundary: incompatible time constraints.",exp-008-generalization-sft/data/sft-generalization-final-100.csv,gen-094,consistency_integrity,,tr,project-internal-draft,agent-curated-prompt-only,not-generated,3993c9647c6c00fef863655c36b5d8dae0f07288fc3e41f193c180d0c7a30351
me-099,consistency_integrity,preserve_expected_not_certain,stock_return,validation,summarize,Bu sözü anlamını bozmadan kısalt: Ürün şu anda stokta yok ama gelecek ay yeniden satışa çıkması bekleniyor.,"Give coherent non-repetitive content; preserve negation, uncertainty, constraints and requested format; do not invent a resolution to unknown contradictory facts. Specific boundary: preserve expected not certain.",exp-008-generalization-sft/data/sft-generalization-final-100.csv,gen-096,consistency_integrity,,tr,project-internal-draft,agent-curated-prompt-only,not-generated,bde8c30df4bb8fc48a7dfafb58c9e007a17a4d18662ccc5d31e8f425a86ed8c3
me-100,consistency_integrity,concise_message_constraints,late_arrival,validation,correct,Görüşmeye yaklaşık on dakika geç kalacağım. Karşı tarafa kısa bir mesaj yaz; özür ve tahmini süre olsun.,"Give coherent non-repetitive content; preserve negation, uncertainty, constraints and requested format; do not invent a resolution to unknown contradictory facts. Specific boundary: concise message constraints.",exp-008-generalization-sft/data/sft-generalization-final-100.csv,gen-099,consistency_integrity,,tr,project-internal-draft,agent-curated-prompt-only,not-generated,97cd954abb5a4cf2e4c8195f8c589722aa136402aec3856ae3a452513bdcd97c
