id,category,subtype,scenario_group_id,split,expected_mode,prompt_tr,messages,evaluation_criteria,source_path,source_id,source_category,domain,language,license,selection_status,answer_status,source_prompt_sha256,dataset_version,parent_selection_id,origin,transformation,context_assistant_supervision,is_multi_turn,behavior_checks,input_messages_sha256
me-001,grammar_correction,compound_today,apartment_sensor,train,correct,"Verilen cümlenin yazım hatalarını düzeltin.
Hatalı Cümle: Bu gün apartmanın girişindeki sensör gece boyunca üç kez gereksiz yere yandı.
Düzeltilmiş hali:","[{""role"": ""user"", ""content"": ""Verilen cümlenin yazım hatalarını düzeltin.\nHatalı Cümle: Bu gün apartmanın girişindeki sensör gece boyunca üç kez gereksiz yere yandı.\nDüzeltilmiş hali:""}]","Return corrected Turkish only; preserve meaning; fix the identified orthographic/morphological issue without an unnecessary rewrite. Specific boundary: compound today. Cross-cutting: natural Turkish, no fabricated self-experience, no unnecessary wrapper, and no loss of necessary meaning.",exp-001-sft-dataset/reviewed-v3/accepted-reviewed.csv,bare_gec__001,bare_gec,daily_life,tr,project-internal-draft,agent-curated-prompt-only,not-generated,e8c14359418fe1fda93c0814473a7e453212eff74ae28bc49efba607d3e052b7,prompt-selection-v2,me-001,historical-verbatim,none,none; future loss only on final reviewed response,False,"[""directness_formatting"", ""turkish_precision""]",0f035781263624378ca44683c43f9ae87b257344a1ce01021f013d6f314809f3
me-002,grammar_correction,indefinite_pronoun,school_feedback,train,correct,"Verilen cümlenin yazım hatalarını düzeltin.
Hatalı Cümle: Okul yönetimi servis saatlerini velilerden gelen geri bildirimlere göre değiştirdi, fakat hiç bir soru yanıtsız kalmadı.
Düzeltilmiş hali:","[{""role"": ""user"", ""content"": ""Verilen cümlenin yazım hatalarını düzeltin.\nHatalı Cümle: Okul yönetimi servis saatlerini velilerden gelen geri bildirimlere göre değiştirdi, fakat hiç bir soru yanıtsız kalmadı.\nDüzeltilmiş hali:""}]","Return corrected Turkish only; preserve meaning; fix the identified orthographic/morphological issue without an unnecessary rewrite. Specific boundary: indefinite pronoun. Cross-cutting: natural Turkish, no fabricated self-experience, no unnecessary wrapper, and no loss of necessary meaning.",exp-001-sft-dataset/reviewed-v3/accepted-reviewed.csv,bare_gec__003,bare_gec,education,tr,project-internal-draft,agent-curated-prompt-only,not-generated,a28ae64a82b340d254b70fd4599a11b8612b6f5db47202cc302a6f81fb76b92c,prompt-selection-v2,me-002,historical-verbatim,none,none; future loss only on final reviewed response,False,"[""directness_formatting"", ""turkish_precision""]",ce281198e55e41a99c972cb4df02e4e84f6b31af08839f91afdd8ccb69d34637
me-003,grammar_correction,compound_everything,experimental_accounts,train,correct,"Verilen cümlenin yazım hatalarını düzeltin.
Hatalı Cümle: Deneysel özellik sadece test grubundaki hesaplar için görünür hâle getirildi ve sonunda herşey açıklığa kavuştu.
Düzeltilmiş hali:","[{""role"": ""user"", ""content"": ""Verilen cümlenin yazım hatalarını düzeltin.\nHatalı Cümle: Deneysel özellik sadece test grubundaki hesaplar için görünür hâle getirildi ve sonunda herşey açıklığa kavuştu.\nDüzeltilmiş hali:""}]","Return corrected Turkish only; preserve meaning; fix the identified orthographic/morphological issue without an unnecessary rewrite. Specific boundary: compound everything. Cross-cutting: natural Turkish, no fabricated self-experience, no unnecessary wrapper, and no loss of necessary meaning.",exp-001-sft-dataset/reviewed-v3/accepted-reviewed.csv,bare_gec__007,bare_gec,technology,tr,project-internal-draft,agent-curated-prompt-only,not-generated,94a54f22e9c10340afae33d64973360d3be874692d7e5a1a0c69e2ed7febb038,prompt-selection-v2,me-003,historical-verbatim,none,none; future loss only on final reviewed response,False,"[""directness_formatting"", ""turkish_precision""]",2a6ee4bfad0a6052cb33240e3fafc6f4527df69acdfc6ee3eef19a211fa47ddd
me-004,grammar_correction,misspelling_lonely,train_signal,train,correct,"Verilen cümlenin yazım hatalarını düzeltin.
Hatalı Cümle: Tren dağ geçidine yaklaşırken telefonların bağlantısı birkaç dakika kesildi; yanlız bu ayrıntı gözden kaçtı.
Düzeltilmiş hali:","[{""role"": ""user"", ""content"": ""Verilen cümlenin yazım hatalarını düzeltin.\nHatalı Cümle: Tren dağ geçidine yaklaşırken telefonların bağlantısı birkaç dakika kesildi; yanlız bu ayrıntı gözden kaçtı.\nDüzeltilmiş hali:""}]","Return corrected Turkish only; preserve meaning; fix the identified orthographic/morphological issue without an unnecessary rewrite. Specific boundary: misspelling lonely. Cross-cutting: natural Turkish, no fabricated self-experience, no unnecessary wrapper, and no loss of necessary meaning.",exp-001-sft-dataset/reviewed-v3/accepted-reviewed.csv,bare_gec__017,bare_gec,travel,tr,project-internal-draft,agent-curated-prompt-only,not-generated,63d034df7bb38df99d96d4b7665bb70a9ae3a19cde62cd0422a235f70abcbce4,prompt-selection-v2,me-004,historical-verbatim,none,none; future loss only on final reviewed response,False,"[""directness_formatting"", ""turkish_precision""]",224cb785cc7233e15a464e48b03492a7ed38d4495f50afe653822332d7405e7b
me-005,grammar_correction,case_suffix_spacing,chemistry_report,train,correct,"Verilen cümlenin yazım hatalarını düzeltin.
Hatalı Cümle: İkinci denemede sorun tekrarlanmayınca, kimya ekibi renk değişiminin başladığı sıcaklığı yeniden ölçtü; özet rapor a son değişiklikler işlendi.
Düzeltilmiş hali:","[{""role"": ""user"", ""content"": ""Verilen cümlenin yazım hatalarını düzeltin.\nHatalı Cümle: İkinci denemede sorun tekrarlanmayınca, kimya ekibi renk değişiminin başladığı sıcaklığı yeniden ölçtü; özet rapor a son değişiklikler işlendi.\nDüzeltilmiş hali:""}]","Return corrected Turkish only; preserve meaning; fix the identified orthographic/morphological issue without an unnecessary rewrite. Specific boundary: case suffix spacing. Cross-cutting: natural Turkish, no fabricated self-experience, no unnecessary wrapper, and no loss of necessary meaning.",exp-001-sft-dataset/reviewed-v3/accepted-reviewed.csv,bare_gec__121,bare_gec,science,tr,project-internal-draft,agent-curated-prompt-only,not-generated,24f07bedb9ed0b7b9dc890254ca55fad95627155d898ff81f0be0b9d5c2b8b27,prompt-selection-v2,me-005,historical-verbatim,none,none; future loss only on final reviewed response,False,"[""directness_formatting"", ""turkish_precision""]",184f964f1939c875508b7ca800079b8da0a7298c42efa4c130af61da35a7d9bc
me-006,grammar_correction,ablative_suffix_spacing,wet_track,train,correct,"Verilen cümlenin yazım hatalarını düzeltin.
Hatalı Cümle: Plan yeniden gözden geçirildikten sonra, yarış direktörü ıslanan zeminin yeniden temizlenmesini istedi, çalışanlar bina dan erken ayrıldı.
Düzeltilmiş hali:","[{""role"": ""user"", ""content"": ""Verilen cümlenin yazım hatalarını düzeltin.\nHatalı Cümle: Plan yeniden gözden geçirildikten sonra, yarış direktörü ıslanan zeminin yeniden temizlenmesini istedi, çalışanlar bina dan erken ayrıldı.\nDüzeltilmiş hali:""}]","Return corrected Turkish only; preserve meaning; fix the identified orthographic/morphological issue without an unnecessary rewrite. Specific boundary: ablative suffix spacing. Cross-cutting: natural Turkish, no fabricated self-experience, no unnecessary wrapper, and no loss of necessary meaning.",exp-001-sft-dataset/reviewed-v3/accepted-reviewed.csv,bare_gec__179,bare_gec,sports,tr,project-internal-draft,agent-curated-prompt-only,not-generated,c11033b1557f95cd74a29bbbdb711513d04278a72fc0675cd0fb2c3e99477e9d,prompt-selection-v2,me-006,historical-verbatim,none,none; future loss only on final reviewed response,False,"[""directness_formatting"", ""turkish_precision""]",84a72827ddb045043a8e06092e2853f7e424256378e15a32cf5bd1775529141b
me-007,grammar_correction,vowel_form,missed_flight,train,correct,"Verilen cümlenin yazım hatalarını düzeltin.
Hatalı Cümle: Hava yolu temsilcisi kaçırılan uçuş için yeni bir bilet düzenledi; ikinci denemede sorun tekrarlamıyınca işlem özeti oluşturuldu.
Düzeltilmiş hali:","[{""role"": ""user"", ""content"": ""Verilen cümlenin yazım hatalarını düzeltin.\nHatalı Cümle: Hava yolu temsilcisi kaçırılan uçuş için yeni bir bilet düzenledi; ikinci denemede sorun tekrarlamıyınca işlem özeti oluşturuldu.\nDüzeltilmiş hali:""}]","Return corrected Turkish only; preserve meaning; fix the identified orthographic/morphological issue without an unnecessary rewrite. Specific boundary: vowel form. Cross-cutting: natural Turkish, no fabricated self-experience, no unnecessary wrapper, and no loss of necessary meaning.",exp-001-sft-dataset/reviewed-v3/accepted-reviewed.csv,bare_gec__207,bare_gec,travel,tr,project-internal-draft,agent-curated-prompt-only,not-generated,81850f0c028e706d6757825418a66d9b784d2036169b69852596f3b811eb35be,prompt-selection-v2,me-007,historical-verbatim,none,none; future loss only on final reviewed response,False,"[""directness_formatting"", ""turkish_precision""]",a6c1bc87f47412c7746762955ebac253be5bc04a22979f80f6ab8732df5a9a58
me-008,grammar_correction,question_particle,customer_question,train,correct,Müşteriye yapabilirmiyim diye yazmışım. Doğru yazımı nedir?,"[{""role"": ""user"", ""content"": ""Müşteriye yapabilirmiyim diye yazmışım. Doğru yazımı nedir?""}]","Return corrected Turkish only; preserve meaning; fix the identified orthographic/morphological issue without an unnecessary rewrite. Specific boundary: question particle. Cross-cutting: natural Turkish, no fabricated self-experience, no unnecessary wrapper, and no loss of necessary meaning.",exp-008-generalization-sft/data/sft-generalization-final-100.csv,gen-047,turkish_precision,,tr,project-internal-draft,agent-curated-prompt-only,not-generated,5306e112901bc57899a50e2079cc72a4773d63446ad1279ba01bc9472e885240,prompt-selection-v2,me-008,historical-verbatim,none,none; future loss only on final reviewed response,False,"[""directness_formatting"", ""turkish_precision""]",293e625aeb99c8d4dc80e66413aa7f3682f56fd876f043ae95f50bb31aeb5734
me-011,answer_extraction,named_person,linux_author,train,extract,"Kaynak: Alanındaki çalışmalarıyla tanınan Linus Torvalds, Linux çekirdeğini geliştirmiştir.

Soru: Linux çekirdeğini kim geliştirmiştir?

Cevap:","[{""role"": ""user"", ""content"": ""Kaynak: Alanındaki çalışmalarıyla tanınan Linus Torvalds, Linux çekirdeğini geliştirmiştir.\n\nSoru: Linux çekirdeğini kim geliştirmiştir?\n\nCevap:""}]","Answer only the asked source-bound fact; preserve restrictions and exact entity/quantity; no external additions. Specific boundary: named person. Cross-cutting: natural Turkish, no fabricated self-experience, no unnecessary wrapper, and no loss of necessary meaning.",exp-001-sft-dataset/reviewed-v3/accepted-reviewed.csv,bare_qa_span__018,bare_qa_span,technology,tr,project-internal-draft,agent-curated-prompt-only,not-generated,615368d8d5bfef423fe1d2375879f2e68b7e6d056f4fde4dc5fa9d94a9c41423,prompt-selection-v2,me-011,historical-verbatim,none,none; future loss only on final reviewed response,False,"[""directness_formatting"", ""accurate_extraction""]",e96f7539afdfd5ce8f90717e57370597ed6060c151035288a36f1788b8a2777d
me-012,answer_extraction,explorer,pacific_expeditions,train,extract,"Kaynak: James Cook, Pasifik Okyanusu'ndaki keşif seferlerini gerçekleştirmiştir ve bu başarısıyla alanında öne çıkan bir denizci haline gelmiştir.

Soru: Pasifik Okyanusu'ndaki keşif seferlerini kim gerçekleştirmiştir?

Cevap:","[{""role"": ""user"", ""content"": ""Kaynak: James Cook, Pasifik Okyanusu'ndaki keşif seferlerini gerçekleştirmiştir ve bu başarısıyla alanında öne çıkan bir denizci haline gelmiştir.\n\nSoru: Pasifik Okyanusu'ndaki keşif seferlerini kim gerçekleştirmiştir?\n\nCevap:""}]","Answer only the asked source-bound fact; preserve restrictions and exact entity/quantity; no external additions. Specific boundary: explorer. Cross-cutting: natural Turkish, no fabricated self-experience, no unnecessary wrapper, and no loss of necessary meaning.",exp-001-sft-dataset/reviewed-v3/accepted-reviewed.csv,bare_qa_span__118,bare_qa_span,travel,tr,project-internal-draft,agent-curated-prompt-only,not-generated,3b99f184126824a6d7ab6a1fcfd4a97bf48ec36e85e4389f71fd44d6722dfe9e,prompt-selection-v2,me-012,historical-verbatim,none,none; future loss only on final reviewed response,False,"[""directness_formatting"", ""accurate_extraction""]",775a8c3c12a943588e774665af4b39bdfb2441f41791269f3fdd5523e446c140
me-013,answer_extraction,historical_year,revolution_year,train,extract,"Kaynak: Fransız İhtilali 1789 yılında patlak verdi.

Soru: Fransız İhtilali'nin patlak verdiği yıl hangisidir?

Cevap:","[{""role"": ""user"", ""content"": ""Kaynak: Fransız İhtilali 1789 yılında patlak verdi.\n\nSoru: Fransız İhtilali'nin patlak verdiği yıl hangisidir?\n\nCevap:""}]","Answer only the asked source-bound fact; preserve restrictions and exact entity/quantity; no external additions. Specific boundary: historical year. Cross-cutting: natural Turkish, no fabricated self-experience, no unnecessary wrapper, and no loss of necessary meaning.",exp-001-sft-dataset/reviewed-v3/accepted-reviewed.csv,bare_qa_span__164,bare_qa_span,history,tr,project-internal-draft,agent-curated-prompt-only,not-generated,cc01cb95eeafd704b81d20ac0df817015d7e2a58ca0c66965209c697f723e347,prompt-selection-v2,me-013,historical-verbatim,none,none; future loss only on final reviewed response,False,"[""directness_formatting"", ""accurate_extraction""]",6dd20ffb829872027b2bacc4b3ce53cc6d3b928956d20858e7310a71838e40f6
me-014,answer_extraction,count,municipal_saplings,train,extract,"Kaynak: Belediyenin bu yılki ağaçlandırma hedefi, yapılan son ölçümlere göre 15 bin fidan olarak belirlenmiştir.

Soru: Belediyenin bu yılki ağaçlandırma hedefi kaçtır?

Cevap:
Yalnızca sayı ve birimi yaz.","[{""role"": ""user"", ""content"": ""Kaynak: Belediyenin bu yılki ağaçlandırma hedefi, yapılan son ölçümlere göre 15 bin fidan olarak belirlenmiştir.\n\nSoru: Belediyenin bu yılki ağaçlandırma hedefi kaçtır?\n\nCevap:\nYalnızca sayı ve birimi yaz.""}]","Answer only the asked source-bound fact; preserve restrictions and exact entity/quantity; no external additions. Specific boundary: count. Cross-cutting: natural Turkish, no fabricated self-experience, no unnecessary wrapper, and no loss of necessary meaning.",exp-001-sft-dataset/reviewed-v3/accepted-reviewed.csv,bare_qa_span__218,bare_qa_span,daily_life,tr,project-internal-draft,agent-curated-prompt-only,not-generated,288851a0a19d7796be01219beffeb2cd9bc7a725154de58a73766156c189b3d0,prompt-selection-v2,me-014,historical-prompt-with-authored-instruction,Append explicit output-format constraint.,none; future loss only on final reviewed response,False,"[""directness_formatting"", ""accurate_extraction""]",3e1419b8fabc59f8065be6559e4ab8551110e10d0cf6ce508fea8da87578599e
me-015,answer_extraction,percentage,hotel_occupancy,train,extract,"Kaynak: Yapılan incelemede şehirdeki otel doluluk oranı %88 olarak tespit edilmiştir.

Soru: Şehirdeki otel doluluk oranı kaçtır?

Cevap:","[{""role"": ""user"", ""content"": ""Kaynak: Yapılan incelemede şehirdeki otel doluluk oranı %88 olarak tespit edilmiştir.\n\nSoru: Şehirdeki otel doluluk oranı kaçtır?\n\nCevap:""}]","Answer only the asked source-bound fact; preserve restrictions and exact entity/quantity; no external additions. Specific boundary: percentage. Cross-cutting: natural Turkish, no fabricated self-experience, no unnecessary wrapper, and no loss of necessary meaning.",exp-001-sft-dataset/reviewed-v3/accepted-reviewed.csv,bare_qa_span__305,bare_qa_span,travel,tr,project-internal-draft,agent-curated-prompt-only,not-generated,418817ab166609821893e1d396a4fdc6c20a1c1f7ed0225f1c720f90f37149f7,prompt-selection-v2,me-015,historical-verbatim,none,none; future loss only on final reviewed response,False,"[""directness_formatting"", ""accurate_extraction""]",8428615262b7669db46379f88d10c10fbb8367169c9f34ea3de3da094eb5e5e6
me-016,answer_extraction,descriptive_phrase,hotel_terrace,train,extract,"Kaynak: Yeni açılan otelin öne çıkan özelliği deniz manzaralı teraslı odalarıdır.

Soru: Yeni açılan otelin öne çıkan özelliği nedir?

Cevap:","[{""role"": ""user"", ""content"": ""Kaynak: Yeni açılan otelin öne çıkan özelliği deniz manzaralı teraslı odalarıdır.\n\nSoru: Yeni açılan otelin öne çıkan özelliği nedir?\n\nCevap:""}]","Answer only the asked source-bound fact; preserve restrictions and exact entity/quantity; no external additions. Specific boundary: descriptive phrase. Cross-cutting: natural Turkish, no fabricated self-experience, no unnecessary wrapper, and no loss of necessary meaning.",exp-001-sft-dataset/reviewed-v3/accepted-reviewed.csv,bare_qa_span__457,bare_qa_span,travel,tr,project-internal-draft,agent-curated-prompt-only,not-generated,a15a6367962816eb520452945f8adae9842064bf7bf51b30a757c3c1a4d68859,prompt-selection-v2,me-016,historical-verbatim,none,none; future loss only on final reviewed response,False,"[""directness_formatting"", ""accurate_extraction""]",1b4de448f94ebe93001c27c05cc02ccf1ce71cd117995a868ebdd24556cbd160
me-017,answer_extraction,restricted_quantifier,market_card_payment,train,extract,"Kaynak: Semt pazarında kartlı ödeme sistemi yalnızca bazı tezgahlarda geçerlidir.

Soru: Kartlı ödeme tüm tezgahlarda mı geçerlidir?

Cevap:","[{""role"": ""user"", ""content"": ""Kaynak: Semt pazarında kartlı ödeme sistemi yalnızca bazı tezgahlarda geçerlidir.\n\nSoru: Kartlı ödeme tüm tezgahlarda mı geçerlidir?\n\nCevap:""}]","Answer only the asked source-bound fact; preserve restrictions and exact entity/quantity; no external additions. Specific boundary: restricted quantifier. Cross-cutting: natural Turkish, no fabricated self-experience, no unnecessary wrapper, and no loss of necessary meaning.",exp-001-sft-dataset/reviewed-v3/accepted-reviewed.csv,bare_qa_span__473,bare_qa_span,daily_life,tr,project-internal-draft,agent-curated-prompt-only,not-generated,71a14c10a428f5cd46a36bb64b8c2bb230df2db1d4f3d9944dbfc3315ae9ed15,prompt-selection-v2,me-017,historical-verbatim,none,none; future loss only on final reviewed response,False,"[""directness_formatting"", ""accurate_extraction""]",50d2fbfcce46b475dfde07e1fc5a90603c13dcc3697400da10e06ddad07ffd2b
me-018,answer_extraction,yes_no,early_booking,train,extract,"Kaynak: Bölgedeki oteller erken rezervasyonda indirim sunmaktadır.

Soru: Erken rezervasyonda indirim var mı?

Cevap:","[{""role"": ""user"", ""content"": ""Kaynak: Bölgedeki oteller erken rezervasyonda indirim sunmaktadır.\n\nSoru: Erken rezervasyonda indirim var mı?\n\nCevap:""}]","Answer only the asked source-bound fact; preserve restrictions and exact entity/quantity; no external additions. Specific boundary: yes no. Cross-cutting: natural Turkish, no fabricated self-experience, no unnecessary wrapper, and no loss of necessary meaning.",exp-001-sft-dataset/reviewed-v3/accepted-reviewed.csv,bare_qa_span__545,bare_qa_span,travel,tr,project-internal-draft,agent-curated-prompt-only,not-generated,6de32c6e863ac3a548ab6762895cfa45551b975cf8ffe17af7ca2e7365da576b,prompt-selection-v2,me-018,historical-verbatim,none,none; future loss only on final reviewed response,False,"[""directness_formatting"", ""accurate_extraction""]",efc89d1ed67ed54e0403fa378e941dcd90af9372ebaf4bd40e70b50c28db954d
me-021,numeric_entity_precision,price,medical_prices,train,extract,"Kaynak: Kızılay Şube Müdürlüğü, Balıkesir'de güncellenen fiyat listesinde muayene ücreti için 350 TL, tahlil ücreti için ise 420 TL belirledi. Değişiklik, önceki döneme kıyasla bekleme süresini azalttı.

Soru: Aşağıdaki metne göre, muayene ücreti için belirlenen ücret kaç TL?

Cevap:","[{""role"": ""user"", ""content"": ""Kaynak: Kızılay Şube Müdürlüğü, Balıkesir'de güncellenen fiyat listesinde muayene ücreti için 350 TL, tahlil ücreti için ise 420 TL belirledi. Değişiklik, önceki döneme kıyasla bekleme süresini azalttı.\n\nSoru: Aşağıdaki metne göre, muayene ücreti için belirlenen ücret kaç TL?\n\nCevap:""}]","Match the requested role to the correct number/entity; preserve units and distinguish the distractor. Specific boundary: price. Cross-cutting: natural Turkish, no fabricated self-experience, no unnecessary wrapper, and no loss of necessary meaning.",exp-001-sft-dataset/reviewed-v3/accepted-reviewed.csv,numeric_entity_precision_qa__126,numeric_entity_precision_qa,health,tr,project-internal-draft,agent-curated-prompt-only,not-generated,196e814ff62fe230c9066de717223d74b0243ddb0578b43f257048a3d2d1ae4e,prompt-selection-v2,me-021,historical-verbatim,none,none; future loss only on final reviewed response,False,"[""accurate_extraction""]",47b4d751a5945df4d73b6d4f0146e2d8acd7077ee71aaa39b6c00ceba840db8e
me-022,numeric_entity_precision,duration,school_registration_time,train,extract,"Kaynak: Fen Lisesi Müdürlüğü, Trabzon'da yürütülen çalışmada kayıt işlemi için 35 dakika, oryantasyon süreci için ise 75 dakika ayırdı. Bilgi, veli toplantısında paylaşıldı.

Soru: Aşağıdaki metne göre, Fen Lisesi Müdürlüğü kayıt işlemi için kaç dakika ayırdı?

Cevap:","[{""role"": ""user"", ""content"": ""Kaynak: Fen Lisesi Müdürlüğü, Trabzon'da yürütülen çalışmada kayıt işlemi için 35 dakika, oryantasyon süreci için ise 75 dakika ayırdı. Bilgi, veli toplantısında paylaşıldı.\n\nSoru: Aşağıdaki metne göre, Fen Lisesi Müdürlüğü kayıt işlemi için kaç dakika ayırdı?\n\nCevap:""}]","Match the requested role to the correct number/entity; preserve units and distinguish the distractor. Specific boundary: duration. Cross-cutting: natural Turkish, no fabricated self-experience, no unnecessary wrapper, and no loss of necessary meaning.",exp-001-sft-dataset/reviewed-v3/accepted-reviewed.csv,numeric_entity_precision_qa__140,numeric_entity_precision_qa,education,tr,project-internal-draft,agent-curated-prompt-only,not-generated,ef3b0b8be3caf45a50e007a4ee221391be597e58aef10ef91037e624084c04c2,prompt-selection-v2,me-022,historical-verbatim,none,none; future loss only on final reviewed response,False,"[""accurate_extraction""]",933da221a468b52d557f6734da590ae50ea08bfd37ccdf19a8ab2261b7450fc2
me-023,numeric_entity_precision,institution,school_bursary,train,extract,"Kaynak: Fen Lisesi Müdürlüğü, İzmir'de yeni bir burs programı başlattı. Üniversite Kayıt Bürosu ise aynı dönemde uzaktan eğitim altyapısını genişletti. Bilgi, veli toplantısında paylaşıldı.

Soru: Aşağıdaki metne göre, 'yeni bir burs programı başlattı' eylemini hangi kurum gerçekleştirdi?

Cevap:","[{""role"": ""user"", ""content"": ""Kaynak: Fen Lisesi Müdürlüğü, İzmir'de yeni bir burs programı başlattı. Üniversite Kayıt Bürosu ise aynı dönemde uzaktan eğitim altyapısını genişletti. Bilgi, veli toplantısında paylaşıldı.\n\nSoru: Aşağıdaki metne göre, 'yeni bir burs programı başlattı' eylemini hangi kurum gerçekleştirdi?\n\nCevap:""}]","Match the requested role to the correct number/entity; preserve units and distinguish the distractor. Specific boundary: institution. Cross-cutting: natural Turkish, no fabricated self-experience, no unnecessary wrapper, and no loss of necessary meaning.",exp-001-sft-dataset/reviewed-v3/accepted-reviewed.csv,numeric_entity_precision_qa__318,numeric_entity_precision_qa,education,tr,project-internal-draft,agent-curated-prompt-only,not-generated,1d6ca009d25947c3f77bce73c37f0e94d8a23a3069933e8a7892ebd770b11651,prompt-selection-v2,me-023,historical-verbatim,none,none; future loss only on final reviewed response,False,"[""accurate_extraction""]",bfbc6ef0a8e52d39d9648b0be20a5114c872a94d29440343ac907d12525ee7ab
me-024,numeric_entity_precision,percentage,school_statistics,train,extract,"Kaynak: İl Milli Eğitim Müdürlüğü tarafından Trabzon'da yayımlanan raporda sınav başarı oranı %63, devamsızlık oranı ise %55 olarak kaydedildi. Bilgi, veli toplantısında paylaşıldı.

Soru: Aşağıdaki metne göre, devamsızlık oranı kaç olarak kaydedildi?

Cevap:","[{""role"": ""user"", ""content"": ""Kaynak: İl Milli Eğitim Müdürlüğü tarafından Trabzon'da yayımlanan raporda sınav başarı oranı %63, devamsızlık oranı ise %55 olarak kaydedildi. Bilgi, veli toplantısında paylaşıldı.\n\nSoru: Aşağıdaki metne göre, devamsızlık oranı kaç olarak kaydedildi?\n\nCevap:""}]","Match the requested role to the correct number/entity; preserve units and distinguish the distractor. Specific boundary: percentage. Cross-cutting: natural Turkish, no fabricated self-experience, no unnecessary wrapper, and no loss of necessary meaning.",exp-001-sft-dataset/reviewed-v3/accepted-reviewed.csv,numeric_entity_precision_qa__482,numeric_entity_precision_qa,education,tr,project-internal-draft,agent-curated-prompt-only,not-generated,74d7f51d4e8ece86adff9faed5d5d1091e608820bee36f4f0c3370a21e51d87d,prompt-selection-v2,me-024,historical-verbatim,none,none; future loss only on final reviewed response,False,"[""accurate_extraction""]",85e0f7af3d4fede8aecd02603e4ff59108285dc0ca0c0d9b5cf3853df7133f72
me-025,numeric_entity_precision,location,travel_branch,train,extract,"Kaynak: Kervan Tur Rehberliği, rehberlik eğitim merkezi sürecini Isparta'da yürütürken, bölge acenteliği için Diyarbakır'da ayrı bir birim kurdu. Plan, geçen sezonun verileriyle karşılaştırıldı.

Soru: Aşağıdaki metne göre, bölge acenteliği için yeni birim hangi ilde açıldı?

Cevap:","[{""role"": ""user"", ""content"": ""Kaynak: Kervan Tur Rehberliği, rehberlik eğitim merkezi sürecini Isparta'da yürütürken, bölge acenteliği için Diyarbakır'da ayrı bir birim kurdu. Plan, geçen sezonun verileriyle karşılaştırıldı.\n\nSoru: Aşağıdaki metne göre, bölge acenteliği için yeni birim hangi ilde açıldı?\n\nCevap:""}]","Match the requested role to the correct number/entity; preserve units and distinguish the distractor. Specific boundary: location. Cross-cutting: natural Turkish, no fabricated self-experience, no unnecessary wrapper, and no loss of necessary meaning.",exp-001-sft-dataset/reviewed-v3/accepted-reviewed.csv,numeric_entity_precision_qa__005,numeric_entity_precision_qa,travel,tr,project-internal-draft,agent-curated-prompt-only,not-generated,f6392217fbd4ca60467f5c4f606ac32a7410d5865a34aeff5b6965dc39e28fb9,prompt-selection-v2,me-025,historical-verbatim,none,none; future loss only on final reviewed response,False,"[""accurate_extraction""]",9e5635845040fded880162bdc37ed8b845cc005e0a6e99ca688a340cf7b52fa3
me-026,numeric_entity_precision,duration,market_maintenance,train,extract,"Kaynak: Semt Pazarı Yönetimi, Kütahya'da yürütülen sürecin temizlik aşamasının 12 hafta süreceğini açıkladı. Boyama aşaması ise 5 hafta sürecek. Yeni düzenleme önümüzdeki fatura döneminde geçerli olacak.

Soru: Aşağıdaki metne göre, boyama aşaması kaç hafta sürecek?

Cevap:","[{""role"": ""user"", ""content"": ""Kaynak: Semt Pazarı Yönetimi, Kütahya'da yürütülen sürecin temizlik aşamasının 12 hafta süreceğini açıkladı. Boyama aşaması ise 5 hafta sürecek. Yeni düzenleme önümüzdeki fatura döneminde geçerli olacak.\n\nSoru: Aşağıdaki metne göre, boyama aşaması kaç hafta sürecek?\n\nCevap:""}]","Match the requested role to the correct number/entity; preserve units and distinguish the distractor. Specific boundary: duration. Cross-cutting: natural Turkish, no fabricated self-experience, no unnecessary wrapper, and no loss of necessary meaning.",exp-001-sft-dataset/reviewed-v3/accepted-reviewed.csv,numeric_entity_precision_qa__008,numeric_entity_precision_qa,daily_life,tr,project-internal-draft,agent-curated-prompt-only,not-generated,150632535fb86d2baf0269dfbed6d74efcc5fc9fa66fc9d4e62b072f50ed52b8,prompt-selection-v2,me-026,historical-verbatim,none,none; future loss only on final reviewed response,False,"[""accurate_extraction""]",379172453d260e04216c45dbc4dcb1af8af703db27e43faaa7b2aa8c5b13fc26
me-027,numeric_entity_precision,forecast_vs_recommendation,production_plan,train,extract,"Raporda '2027 satış öngörüsü 90 bin adet, yönetimin önerisi ise üretimi 75 bin adette tutmak' deniyor. Yönetim kaç adet üretim öneriyor?","[{""role"": ""user"", ""content"": ""Raporda '2027 satış öngörüsü 90 bin adet, yönetimin önerisi ise üretimi 75 bin adette tutmak' deniyor. Yönetim kaç adet üretim öneriyor?""}]","Match the requested role to the correct number/entity; preserve units and distinguish the distractor. Specific boundary: forecast vs recommendation. Cross-cutting: natural Turkish, no fabricated self-experience, no unnecessary wrapper, and no loss of necessary meaning.",exp-006-quality-repair-sft/data/sft-clean-v4-quality-repair-958.csv,precision-v2-002,targeted_lexical_entity_precision,mixed,tr,project-internal-draft,agent-curated-prompt-only,not-generated,8044012c729012bfb0a96dea8f62037c40b08557773ee5110e23512c541ed228,prompt-selection-v2,me-027,historical-verbatim,none,none; future loss only on final reviewed response,False,"[""accurate_extraction""]",dc5db6498dca9b76e1466135db7948e8cbbd1b94c586217f002e146e7339209b
me-028,numeric_entity_precision,export_vs_import,trade_statistics,train,extract,Haberde 'Şirketin ihracatı %18 artarken ithalatı %6 azaldı' deniyor. Yurt dışına satış hangi oranda arttı?,"[{""role"": ""user"", ""content"": ""Haberde 'Şirketin ihracatı %18 artarken ithalatı %6 azaldı' deniyor. Yurt dışına satış hangi oranda arttı?""}]","Match the requested role to the correct number/entity; preserve units and distinguish the distractor. Specific boundary: export vs import. Cross-cutting: natural Turkish, no fabricated self-experience, no unnecessary wrapper, and no loss of necessary meaning.",exp-006-quality-repair-sft/data/sft-clean-v4-quality-repair-958.csv,precision-v2-009,targeted_lexical_entity_precision,mixed,tr,project-internal-draft,agent-curated-prompt-only,not-generated,722ea13ecabd99047bac6c4be3de9b88a2af94f125143bfa269050599424208e,prompt-selection-v2,me-028,historical-verbatim,none,none; future loss only on final reviewed response,False,"[""accurate_extraction""]",69ae98a52987fa0cfa9c79601ce3bb4c1e59b3f8ef3742c1f01ad623b8e4ae57
me-031,faithful_summary,result_and_rank,match_result,train,summarize,"Başlık: Maç sonucu

Metin: Akınspor, Erzurum'da oynanan deplasman maçında Kuzey Birlik'i 4-2 yendi. Maçın 67. dakikasında atılan gol sonucu belirledi. Bu galibiyetle Akınspor, puan durumunda ikinci sıraya yükseldi.

Özet:","[{""role"": ""user"", ""content"": ""Başlık: Maç sonucu\n\nMetin: Akınspor, Erzurum'da oynanan deplasman maçında Kuzey Birlik'i 4-2 yendi. Maçın 67. dakikasında atılan gol sonucu belirledi. Bu galibiyetle Akınspor, puan durumunda ikinci sıraya yükseldi.\n\nÖzet:""}]","Capture the main source event concisely; preserve actor, critical quantities, timing, attribution and uncertainty; invent nothing. Specific boundary: result and rank. Cross-cutting: natural Turkish, no fabricated self-experience, no unnecessary wrapper, and no loss of necessary meaning.",exp-001-sft-dataset/reviewed-v3/accepted-reviewed.csv,terse_summary__144,terse_summary,sports,tr,project-internal-draft,agent-curated-prompt-only,not-generated,060696ddc82e3aad4c6279b9ae2955d7c627596c9ef17df6bda5c9d1d9d59a06,prompt-selection-v2,me-031,historical-verbatim,none,none; future loss only on final reviewed response,False,"[""faithful_summary""]",acc0ab678fa65e6ecd09515bd7f137eebdd58e073ccd9034af497320be1529b9
me-032,faithful_summary,association_not_causation,storage_study,train,summarize,"Başlık: Araştırma bulgusu

Metin: Yapılan yeni bir araştırmaya göre bulut depolama kullanımı ile sistem performansının iyileşmesi arasında bağlantı bulundu. Çalışma 620 katılımcı üzerinde iki yıl boyunca yürütüldü.

Özet:","[{""role"": ""user"", ""content"": ""Başlık: Araştırma bulgusu\n\nMetin: Yapılan yeni bir araştırmaya göre bulut depolama kullanımı ile sistem performansının iyileşmesi arasında bağlantı bulundu. Çalışma 620 katılımcı üzerinde iki yıl boyunca yürütüldü.\n\nÖzet:""}]","Capture the main source event concisely; preserve actor, critical quantities, timing, attribution and uncertainty; invent nothing. Specific boundary: association not causation. Cross-cutting: natural Turkish, no fabricated self-experience, no unnecessary wrapper, and no loss of necessary meaning.",exp-001-sft-dataset/reviewed-v3/accepted-reviewed.csv,terse_summary__218,terse_summary,technology,tr,project-internal-draft,agent-curated-prompt-only,not-generated,d818390df5ebb5b58868a1e953d55afa8754682509f42befafbf30e19b3302d9,prompt-selection-v2,me-032,historical-verbatim,none,none; future loss only on final reviewed response,False,"[""faithful_summary""]",44794cbca73e45054dee9fc9bd1c851219ae60cbedf0a0012bdcc2a80ee87023
me-033,faithful_summary,recipient_and_award,sports_award,train,summarize,"Başlık: Ödül haberi

Metin: Gizem Kılıç, spor bilimleri alanındaki üç yıllık çalışmalarıyla Yılın Sporcusu ödülüne layık görüldü. Ödül töreni Sivas'ta gerçekleşti.

Özet:","[{""role"": ""user"", ""content"": ""Başlık: Ödül haberi\n\nMetin: Gizem Kılıç, spor bilimleri alanındaki üç yıllık çalışmalarıyla Yılın Sporcusu ödülüne layık görüldü. Ödül töreni Sivas'ta gerçekleşti.\n\nÖzet:""}]","Capture the main source event concisely; preserve actor, critical quantities, timing, attribution and uncertainty; invent nothing. Specific boundary: recipient and award. Cross-cutting: natural Turkish, no fabricated self-experience, no unnecessary wrapper, and no loss of necessary meaning.",exp-001-sft-dataset/reviewed-v3/accepted-reviewed.csv,terse_summary__244,terse_summary,sports,tr,project-internal-draft,agent-curated-prompt-only,not-generated,9e17e4cecef5931c839a18a7af1699d19587ca12d4907182dd5b76f745477f89,prompt-selection-v2,me-033,historical-verbatim,none,none; future loss only on final reviewed response,False,"[""faithful_summary""]",5d1528e53efc3020952bbff9ce57101a87461d5cacaadc6f4c07ea07303a3e02
me-034,faithful_summary,biographical_event,craft_support,train,summarize,"Başlık: Yerel haber

Metin: Ayşe Kaya (45), Antalya'da otuz yıldır sürdürdüğü el işi üretimi sayesinde belediyeden destek almaya hak kazandı. Komşuları, Ayşe Kaya'nın azmini örnek gösteriyor.

Özet:","[{""role"": ""user"", ""content"": ""Başlık: Yerel haber\n\nMetin: Ayşe Kaya (45), Antalya'da otuz yıldır sürdürdüğü el işi üretimi sayesinde belediyeden destek almaya hak kazandı. Komşuları, Ayşe Kaya'nın azmini örnek gösteriyor.\n\nÖzet:""}]","Capture the main source event concisely; preserve actor, critical quantities, timing, attribution and uncertainty; invent nothing. Specific boundary: biographical event. Cross-cutting: natural Turkish, no fabricated self-experience, no unnecessary wrapper, and no loss of necessary meaning.",exp-001-sft-dataset/reviewed-v3/accepted-reviewed.csv,terse_summary__261,terse_summary,daily_life,tr,project-internal-draft,agent-curated-prompt-only,not-generated,a44d231d7fe00d1bb9241da23ef39a6377e9e3d2265e8dc8bace21edf6cf6407,prompt-selection-v2,me-034,historical-verbatim,none,none; future loss only on final reviewed response,False,"[""faithful_summary""]",179b79c9aaee10f2138de94c3eb14681192a68b3101dbf4c39b2951e6fc4fd58
me-035,faithful_summary,revenue_and_period,revenue_result,train,summarize,"Başlık: Finansal sonuçlar

Metin: Marmara Teknoloji, ikinci çeyrek finansal sonuçlarını açıkladı. Şirketin geliri geçen yılın aynı dönemine göre yüzde 18 artarak 2,7 milyar lira'ya ulaştı. Şirket bünyesinde yaklaşık 600 kişi istihdam ediliyor.

Özet:","[{""role"": ""user"", ""content"": ""Başlık: Finansal sonuçlar\n\nMetin: Marmara Teknoloji, ikinci çeyrek finansal sonuçlarını açıkladı. Şirketin geliri geçen yılın aynı dönemine göre yüzde 18 artarak 2,7 milyar lira'ya ulaştı. Şirket bünyesinde yaklaşık 600 kişi istihdam ediliyor.\n\nÖzet:""}]","Capture the main source event concisely; preserve actor, critical quantities, timing, attribution and uncertainty; invent nothing. Specific boundary: revenue and period. Cross-cutting: natural Turkish, no fabricated self-experience, no unnecessary wrapper, and no loss of necessary meaning.",exp-001-sft-dataset/reviewed-v3/accepted-reviewed.csv,terse_summary__268,terse_summary,business,tr,project-internal-draft,agent-curated-prompt-only,not-generated,0877651db333ef4a6f9f0cc22238e3206898b8803eeb1996ee267baceb480c6d,prompt-selection-v2,me-035,historical-verbatim,none,none; future loss only on final reviewed response,False,"[""faithful_summary""]",35dfd842059487009870ee33d6802bfe7259acbd8c4763b7a3a0fc891d7a7dff
me-036,faithful_summary,cause_and_intervention,infrastructure_incident,train,summarize,"Başlık: Altyapı arızası

Metin: Edirne'de ana su hattında meydana gelen arıza nedeniyle yol bir süre trafiğe kapatıldı. Olay yerine sevk edilen belediye ekipleri, bir gün içinde arızaya müdahale etti.

Özet:","[{""role"": ""user"", ""content"": ""Başlık: Altyapı arızası\n\nMetin: Edirne'de ana su hattında meydana gelen arıza nedeniyle yol bir süre trafiğe kapatıldı. Olay yerine sevk edilen belediye ekipleri, bir gün içinde arızaya müdahale etti.\n\nÖzet:""}]","Capture the main source event concisely; preserve actor, critical quantities, timing, attribution and uncertainty; invent nothing. Specific boundary: cause and intervention. Cross-cutting: natural Turkish, no fabricated self-experience, no unnecessary wrapper, and no loss of necessary meaning.",exp-001-sft-dataset/reviewed-v3/accepted-reviewed.csv,terse_summary__340,terse_summary,daily_life,tr,project-internal-draft,agent-curated-prompt-only,not-generated,7cbcea4cffb0726b9f39ea0d0b9d10bb431b069494562df239313a6c51f0ba50,prompt-selection-v2,me-036,historical-verbatim,none,none; future loss only on final reviewed response,False,"[""faithful_summary""]",570aed8023db974aae4faf9a2ca70c0fa95253bff77c799630ad0cc60a1f8d4d
me-037,faithful_summary,product_feature_price,sensor_launch,train,summarize,"Başlık: Ürün tanıtımı

Metin: Mavi Elektronik, İzmir'de düzenlenen tanıtımda yeni giyilebilir sensör modelini tanıttı. Ürünün hızlı şarj özelliğiyle öne çıktığı belirtildi. Cihazın satış fiyatı 4 bin lira olarak açıklandı.

Özet:","[{""role"": ""user"", ""content"": ""Başlık: Ürün tanıtımı\n\nMetin: Mavi Elektronik, İzmir'de düzenlenen tanıtımda yeni giyilebilir sensör modelini tanıttı. Ürünün hızlı şarj özelliğiyle öne çıktığı belirtildi. Cihazın satış fiyatı 4 bin lira olarak açıklandı.\n\nÖzet:""}]","Capture the main source event concisely; preserve actor, critical quantities, timing, attribution and uncertainty; invent nothing. Specific boundary: product feature price. Cross-cutting: natural Turkish, no fabricated self-experience, no unnecessary wrapper, and no loss of necessary meaning.",exp-001-sft-dataset/reviewed-v3/accepted-reviewed.csv,terse_summary__012,terse_summary,technology,tr,project-internal-draft,agent-curated-prompt-only,not-generated,d064e0003d9acccb02d13eb89ace5fbd93752795974f6b5a4f1efd94a1259aa5,prompt-selection-v2,me-037,historical-verbatim,none,none; future loss only on final reviewed response,False,"[""faithful_summary""]",d1f75389f5eefad31983dfc04209eab299ac40ccad42680d432b53e2ad310b93
me-038,faithful_summary,weather_and_consequence,fog_closure,train,summarize,"Başlık: Hava durumu

Metin: Adana'da bir gün boyunca etkili olan yoğun sis nedeniyle okullar bir gün tatil edildi. Yetkililer vatandaşları temkinli olmaları konusunda uyardı.

Özet:","[{""role"": ""user"", ""content"": ""Başlık: Hava durumu\n\nMetin: Adana'da bir gün boyunca etkili olan yoğun sis nedeniyle okullar bir gün tatil edildi. Yetkililer vatandaşları temkinli olmaları konusunda uyardı.\n\nÖzet:""}]","Capture the main source event concisely; preserve actor, critical quantities, timing, attribution and uncertainty; invent nothing. Specific boundary: weather and consequence. Cross-cutting: natural Turkish, no fabricated self-experience, no unnecessary wrapper, and no loss of necessary meaning.",exp-001-sft-dataset/reviewed-v3/accepted-reviewed.csv,terse_summary__025,terse_summary,daily_life,tr,project-internal-draft,agent-curated-prompt-only,not-generated,1a0a351681d499b0118b97f9eb987f0b78b70006a82ff65e0883fa75cd7c45db,prompt-selection-v2,me-038,historical-verbatim,none,none; future loss only on final reviewed response,False,"[""faithful_summary""]",4f3829500345211cc25a97f5f58f7066952d1cac883181e7dc4318e734ce60a4
me-041,useful_explanation,diagnose_process,workload_priorities,train,explain,Öncelik konuşması yapmak için uğraşıyorum ama konuşma sonunda yine bütün işler bende kalıyor. Nerede hata yaptığımı nasıl anlayabilirim?,"[{""role"": ""user"", ""content"": ""Öncelik konuşması yapmak için uğraşıyorum ama konuşma sonunda yine bütün işler bende kalıyor. Nerede hata yaptığımı nasıl anlayabilirim?""}]","Provide usable explanation or steps requested by the prompt; preserve necessary substance while removing filler; no blanket one-sentence answer. Specific boundary: diagnose process. Cross-cutting: natural Turkish, no fabricated self-experience, no unnecessary wrapper, and no loss of necessary meaning.",exp-001-sft-dataset/reviewed-v3/accepted-reviewed.csv,open_ended_counterexample__120,open_ended_counterexample,career_and_workplace_communication,tr,project-internal-draft,agent-curated-prompt-only,not-generated,fa53d70df8635fc359ecdd991f0baffa945c289df8b21254255f4b93b2835b1a,prompt-selection-v2,me-041,historical-verbatim,none,none; future loss only on final reviewed response,False,"[""useful_explanation""]",ad5f5c0d9fb4fa7202e8cd8be71fd6d1e03f9b391d45dcc8d396c8227865a65d
me-042,useful_explanation,staged_plan,photo_archive,train,explain,Fotoğraflarım farklı cihazlarda dağınık duruyor. Önümüzdeki iki hafta içinde tek bir fotoğraf arşivi kurmak için gerçekçi bir planı nasıl kurabilirim?,"[{""role"": ""user"", ""content"": ""Fotoğraflarım farklı cihazlarda dağınık duruyor. Önümüzdeki iki hafta içinde tek bir fotoğraf arşivi kurmak için gerçekçi bir planı nasıl kurabilirim?""}]","Provide usable explanation or steps requested by the prompt; preserve necessary substance while removing filler; no blanket one-sentence answer. Specific boundary: staged plan. Cross-cutting: natural Turkish, no fabricated self-experience, no unnecessary wrapper, and no loss of necessary meaning.",exp-001-sft-dataset/reviewed-v3/accepted-reviewed.csv,open_ended_counterexample__147,open_ended_counterexample,technology_and_software_use,tr,project-internal-draft,agent-curated-prompt-only,not-generated,86fef3f5da6731234ddc77c1f07f5dd9afb2dfb9a2fea3264cbf42faebcb3646,prompt-selection-v2,me-042,historical-verbatim,none,none; future loss only on final reviewed response,False,"[""useful_explanation""]",788d6af4ec4d7098cebc84f898b7eebe948805c6d98a688119ac428b269fa3fd
me-043,useful_explanation,explain_mechanism,ceramic_experiment,train,explain,"Seramik kursunda yaptığım parçalar istediğim gibi olmuyor. Her denemede tek değişkeni değiştirmek neden daha etkili olabilir, açıklar mısın?","[{""role"": ""user"", ""content"": ""Seramik kursunda yaptığım parçalar istediğim gibi olmuyor. Her denemede tek değişkeni değiştirmek neden daha etkili olabilir, açıklar mısın?""}]","Provide usable explanation or steps requested by the prompt; preserve necessary substance while removing filler; no blanket one-sentence answer. Specific boundary: explain mechanism. Cross-cutting: natural Turkish, no fabricated self-experience, no unnecessary wrapper, and no loss of necessary meaning.",exp-001-sft-dataset/reviewed-v3/accepted-reviewed.csv,open_ended_counterexample__310,open_ended_counterexample,hobbies_and_creative_work,tr,project-internal-draft,agent-curated-prompt-only,not-generated,d9aa2d72ac6e73d536346de54f98a35aaf070a290f3ad07add8584fc9d53c612,prompt-selection-v2,me-043,historical-verbatim,none,none; future loss only on final reviewed response,False,"[""useful_explanation""]",972e5b6521428f17f019a37198b23675acb34cfab3e2f794b683aa5f5b0a7bb8
me-044,useful_explanation,sustainable_plan,meal_preparation,train,explain,Akşamları yemek hazırlamaya enerjim kalmıyor ve dışarıdan söylemek istemiyorum. Hafta içi yemek düzeni kurmak için nasıl bir yaklaşım izleyebilirim?,"[{""role"": ""user"", ""content"": ""Akşamları yemek hazırlamaya enerjim kalmıyor ve dışarıdan söylemek istemiyorum. Hafta içi yemek düzeni kurmak için nasıl bir yaklaşım izleyebilirim?""}]","Provide usable explanation or steps requested by the prompt; preserve necessary substance while removing filler; no blanket one-sentence answer. Specific boundary: sustainable plan. Cross-cutting: natural Turkish, no fabricated self-experience, no unnecessary wrapper, and no loss of necessary meaning.",exp-001-sft-dataset/reviewed-v3/accepted-reviewed.csv,open_ended_counterexample__001,open_ended_counterexample,daily_life,tr,project-internal-draft,agent-curated-prompt-only,not-generated,4515c32be05ed7636321edecada7c43a24bed862d6feecb0fb4ca475a8bf194f,prompt-selection-v2,me-044,historical-verbatim,none,none; future loss only on final reviewed response,False,"[""useful_explanation""]",257337cb087a95866a8cfae1cf3ec9a9e127315338d79d5da4be9e2ab027f490
me-045,useful_explanation,practice_plan,teaching_clarity,train,explain,Öğrendiğim konuyu başkasına anlatırken dağılıyorum. Önümüzdeki iki hafta içinde daha açık anlatım kurmak için gerçekçi bir planı nasıl kurabilirim?,"[{""role"": ""user"", ""content"": ""Öğrendiğim konuyu başkasına anlatırken dağılıyorum. Önümüzdeki iki hafta içinde daha açık anlatım kurmak için gerçekçi bir planı nasıl kurabilirim?""}]","Provide usable explanation or steps requested by the prompt; preserve necessary substance while removing filler; no blanket one-sentence answer. Specific boundary: practice plan. Cross-cutting: natural Turkish, no fabricated self-experience, no unnecessary wrapper, and no loss of necessary meaning.",exp-001-sft-dataset/reviewed-v3/accepted-reviewed.csv,open_ended_counterexample__067,open_ended_counterexample,education_and_learning,tr,project-internal-draft,agent-curated-prompt-only,not-generated,5c48ee1f84742196c5706e7dc436847e823252f4c1e120d1c0a0df8dd551bc12,prompt-selection-v2,me-045,historical-verbatim,none,none; future loss only on final reviewed response,False,"[""useful_explanation""]",e52e27c82b306c384cd7cb7692b2252db6afb02a2616b6a578c4fd1fe4a56e30
me-046,useful_explanation,troubleshoot,wifi_rooms,train,explain,Evdeki internet bazı odalarda zayıf çekiyor. Bu durumu düzeltirken nereden başlamam daha mantıklı olur?,"[{""role"": ""user"", ""content"": ""Evdeki internet bazı odalarda zayıf çekiyor. Bu durumu düzeltirken nereden başlamam daha mantıklı olur?""}]","Provide usable explanation or steps requested by the prompt; preserve necessary substance while removing filler; no blanket one-sentence answer. Specific boundary: troubleshoot. Cross-cutting: natural Turkish, no fabricated self-experience, no unnecessary wrapper, and no loss of necessary meaning.",exp-001-sft-dataset/reviewed-v3/accepted-reviewed.csv,open_ended_counterexample__141,open_ended_counterexample,technology_and_software_use,tr,project-internal-draft,agent-curated-prompt-only,not-generated,91023a73c0710ccb1202eaba534c3ac617f5d6098fe41e322b7f8eb8a2499ec9,prompt-selection-v2,me-046,historical-verbatim,none,none; future loss only on final reviewed response,False,"[""useful_explanation""]",1bbaa8cb6211d3828654b1483f5e1ab33d971631f25e9de0ce97b1d80bc48dfa
me-047,useful_explanation,communication_diagnosis,congratulations_message,train,explain,Samimi ve kişisel bir şekilde tebrik etmek için uğraşıyorum ama mesaj uzadıkça odağı kendime çeviriyormuşum gibi oluyor. Nerede hata yaptığımı nasıl anlayabilirim?,"[{""role"": ""user"", ""content"": ""Samimi ve kişisel bir şekilde tebrik etmek için uğraşıyorum ama mesaj uzadıkça odağı kendime çeviriyormuşum gibi oluyor. Nerede hata yaptığımı nasıl anlayabilirim?""}]","Provide usable explanation or steps requested by the prompt; preserve necessary substance while removing filler; no blanket one-sentence answer. Specific boundary: communication diagnosis. Cross-cutting: natural Turkish, no fabricated self-experience, no unnecessary wrapper, and no loss of necessary meaning.",exp-001-sft-dataset/reviewed-v3/accepted-reviewed.csv,open_ended_counterexample__264,open_ended_counterexample,relationships_and_communication,tr,project-internal-draft,agent-curated-prompt-only,not-generated,c0bdd324aaed0c359b42dbea2e19c2a58211d5d7d36047d58293f3c8bd28a057,prompt-selection-v2,me-047,historical-verbatim,none,none; future loss only on final reviewed response,False,"[""useful_explanation""]",3259a66e2d8c0d88d6c1d3be7598d0f68b00ef983d2d2160e6b051d44659afc4
me-048,useful_explanation,practical_habits,misplaced_objects,train,explain,Evde sürekli küçük eşyaları arıyorum. Bunu daha sürdürülebilir biçimde çözmek için neler yapabilirim?,"[{""role"": ""user"", ""content"": ""Evde sürekli küçük eşyaları arıyorum. Bunu daha sürdürülebilir biçimde çözmek için neler yapabilirim?""}]","Provide usable explanation or steps requested by the prompt; preserve necessary substance while removing filler; no blanket one-sentence answer. Specific boundary: practical habits. Cross-cutting: natural Turkish, no fabricated self-experience, no unnecessary wrapper, and no loss of necessary meaning.",exp-001-sft-dataset/reviewed-v3/accepted-reviewed.csv,open_ended_counterexample__005,open_ended_counterexample,daily_life,tr,project-internal-draft,agent-curated-prompt-only,not-generated,a3e14730e052cc8914bb4d50d502bece43136c7cc0307e4ae76b7fd98dc5b7c6,prompt-selection-v2,me-048,historical-verbatim,none,none; future loss only on final reviewed response,False,"[""useful_explanation""]",88b5007538cb89fd2a2fdd749b2cc075d4700737fd9032b87a12e6ecbad1dca3
me-051,selective_clarification,sufficient_delivery_context,parcel_destination,train,answer,Kargoyu eve mi iş yerine mi yönlendireyim? Evde gündüz kimse yok; iş yerinde resepsiyon akşama kadar açık.,"[{""role"": ""user"", ""content"": ""Kargoyu eve mi iş yerine mi yönlendireyim? Evde gündüz kimse yok; iş yerinde resepsiyon akşama kadar açık.""}]","Use the available facts; clarify only a material missing variable; conditional advice is allowed; do not append reflexive questions. Specific boundary: sufficient delivery context. Cross-cutting: natural Turkish, no fabricated self-experience, no unnecessary wrapper, and no loss of necessary meaning.",exp-008-generalization-sft/data/sft-generalization-final-100.csv,gen-001,hidden_ambiguity,,tr,project-internal-draft,agent-curated-prompt-only,not-generated,11fd774e641b676a1875d4508066926c890b91723f6e85471fbc9fec1faa57ed,prompt-selection-v2,me-051,historical-verbatim,none,none; future loss only on final reviewed response,False,"[""selective_clarification""]",d52742b6eb800754ad87b897296c0ca0dce48e1d700186ad8b5250fdad27a1e2
me-052,selective_clarification,missing_need,headphone_purchase,train,clarify,Yeni kulaklık alsam mı sence?,"[{""role"": ""user"", ""content"": ""Yeni kulaklık alsam mı sence?""}]","Use the available facts; clarify only a material missing variable; conditional advice is allowed; do not append reflexive questions. Specific boundary: missing need. Cross-cutting: natural Turkish, no fabricated self-experience, no unnecessary wrapper, and no loss of necessary meaning.",exp-008-generalization-sft/data/sft-generalization-final-100.csv,gen-002,hidden_ambiguity,,tr,project-internal-draft,agent-curated-prompt-only,not-generated,096fa0f4cae61991702edf63e90c9cff0199aebb54afa66da2263505335a41eb,prompt-selection-v2,me-052,historical-verbatim,none,none; future loss only on final reviewed response,False,"[""selective_clarification""]",75fc96b3cc83cf80e563005e848feb1b3f40e7a2731a374146a4fafa6513103b
me-053,selective_clarification,clarification_resolved,headphone_purchase,train,answer,"Kullanıcı: Yeni kulaklık alsam mı sence?

Asistan: Şu anki kulaklığında ne eksik ve yenisi için bütçen ne kadar?

Kullanıcı: Kulaklığım çalışıyor ve sesinden memnunum. Yalnızca yeni model çıktığı için düşündüm; 2000 lira ayırabilirim. Yenisine ihtiyacım var mı?","[{""role"": ""user"", ""content"": ""Yeni kulaklık alsam mı sence?""}, {""role"": ""assistant"", ""content"": ""Şu anki kulaklığında ne eksik ve yenisi için bütçen ne kadar?""}, {""role"": ""user"", ""content"": ""Kulaklığım çalışıyor ve sesinden memnunum. Yalnızca yeni model çıktığı için düşündüm; 2000 lira ayırabilirim. Yenisine ihtiyacım var mı?""}]","Answer using the supplied working/headphone satisfaction facts; do not repeat the answered need or budget questions or request brands just to avoid deciding. Cross-cutting: natural Turkish, no fabricated self-experience, no unnecessary wrapper, and no loss of necessary meaning.",exp-008-generalization-sft/data/sft-generalization-final-100.csv,gen-002,hidden_ambiguity,,tr,project-internal-draft,agent-curated-prompt-only,not-generated,096fa0f4cae61991702edf63e90c9cff0199aebb54afa66da2263505335a41eb,prompt-selection-v2,me-053,historical-prompt-with-authored-context,"Historical opening retained; one clarification and user resolution authored as context, not supervised targets.",none; future loss only on final reviewed response,True,"[""selective_clarification""]",350411ea19f42211c43da26e6dc9efadfc86a3fc9ed390aacde7e99e93311210
me-054,selective_clarification,clarification_resolved,job_choice,train,answer,"Kullanıcı: İki iş teklifinden hangisini seçmeliyim? Maaşlarını biliyorum ama çalışma koşullarını henüz öğrenmedim.

Asistan: İki işin çalışma koşulları nasıl ve senin için hangi koşul öncelikli?

Kullanıcı: Maaşları aynı. İlki haftada altı gün ofiste, ikincisi beş gün uzaktan. Diğer koşullar eşit ve boş zaman benim için öncelikli. Hangisini seçeyim?","[{""role"": ""user"", ""content"": ""İki iş teklifinden hangisini seçmeliyim? Maaşlarını biliyorum ama çalışma koşullarını henüz öğrenmedim.""}, {""role"": ""assistant"", ""content"": ""İki işin çalışma koşulları nasıl ve senin için hangi koşul öncelikli?""}, {""role"": ""user"", ""content"": ""Maaşları aynı. İlki haftada altı gün ofiste, ikincisi beş gün uzaktan. Diğer koşullar eşit ve boş zaman benim için öncelikli. Hangisini seçeyim?""}]","Use equal salary/other conditions and the stated free-time priority to choose; do not repeat salary, schedule or priority questions. Cross-cutting: natural Turkish, no fabricated self-experience, no unnecessary wrapper, and no loss of necessary meaning.",exp-008-generalization-sft/data/sft-generalization-final-100.csv,gen-012,hidden_ambiguity,,tr,project-internal-draft,agent-curated-prompt-only,not-generated,87ec0797085274bf77cebd5abfda43a4de0156bbfbca3dc8fed677ff4c476bc5,prompt-selection-v2,me-054,historical-prompt-with-authored-context,"Historical opening retained; one clarification and user resolution authored as context, not supervised targets.",none; future loss only on final reviewed response,True,"[""selective_clarification""]",e269a5871d8490f0f2d2fe49062c687142de510956406b38843abb303559f186
me-055,selective_clarification,missing_work_conditions,job_choice,train,clarify,İki iş teklifinden hangisini seçmeliyim? Maaşlarını biliyorum ama çalışma koşullarını henüz öğrenmedim.,"[{""role"": ""user"", ""content"": ""İki iş teklifinden hangisini seçmeliyim? Maaşlarını biliyorum ama çalışma koşullarını henüz öğrenmedim.""}]","Use the available facts; clarify only a material missing variable; conditional advice is allowed; do not append reflexive questions. Specific boundary: missing work conditions. Cross-cutting: natural Turkish, no fabricated self-experience, no unnecessary wrapper, and no loss of necessary meaning.",exp-008-generalization-sft/data/sft-generalization-final-100.csv,gen-012,hidden_ambiguity,,tr,project-internal-draft,agent-curated-prompt-only,not-generated,87ec0797085274bf77cebd5abfda43a4de0156bbfbca3dc8fed677ff4c476bc5,prompt-selection-v2,me-055,historical-verbatim,none,none; future loss only on final reviewed response,False,"[""selective_clarification""]",f9d4a4f97e921497c820e3e381c6e97cf9167e62bc3e56a64106195ca928df6d
me-056,selective_clarification,explicit_waiting_constraint,paint_drying,train,answer,Kapıyı boyadım. Kutuda dört saatte kurur yazıyor; bir saat sonra kapatsam olur mu?,"[{""role"": ""user"", ""content"": ""Kapıyı boyadım. Kutuda dört saatte kurur yazıyor; bir saat sonra kapatsam olur mu?""}]","Use the available facts; clarify only a material missing variable; conditional advice is allowed; do not append reflexive questions. Specific boundary: explicit waiting constraint. Cross-cutting: natural Turkish, no fabricated self-experience, no unnecessary wrapper, and no loss of necessary meaning.",exp-008-generalization-sft/data/sft-generalization-final-100.csv,gen-013,hidden_ambiguity,,tr,project-internal-draft,agent-curated-prompt-only,not-generated,87a8362a1c502f0563c43c3ceac2e2502c5e3acd9ce69bfc58c89c6aafc3d388,prompt-selection-v2,me-056,historical-verbatim,none,none; future loss only on final reviewed response,False,"[""selective_clarification""]",33455a345b697f8af82a68aecf3b7812845b0d84a5814b2e737a22dc91d96bd0
me-057,selective_clarification,verify_before_irreversible_action,photo_copy,train,conditional,Eski fotoğrafları harici diske kopyaladım. Telefondakileri şimdi silebilir miyim?,"[{""role"": ""user"", ""content"": ""Eski fotoğrafları harici diske kopyaladım. Telefondakileri şimdi silebilir miyim?""}]","Use the available facts; clarify only a material missing variable; conditional advice is allowed; do not append reflexive questions. Specific boundary: verify before irreversible action. Cross-cutting: natural Turkish, no fabricated self-experience, no unnecessary wrapper, and no loss of necessary meaning.",exp-008-generalization-sft/data/sft-generalization-final-100.csv,gen-017,hidden_ambiguity,,tr,project-internal-draft,agent-curated-prompt-only,not-generated,ef8e91c7357c60a06487a77340c2609660f499e36c0ef5699cfcd808377585bb,prompt-selection-v2,me-057,historical-verbatim,none,none; future loss only on final reviewed response,False,"[""selective_clarification""]",b4c8243af4b09e5a892d89a8f917034663023d153a6c94d303599dc8d6e50272
me-058,selective_clarification,reversible_trial,running_schedule,train,conditional,Akşam koşusunu sabaha almayı düşünüyorum. Sabahları vaktim var ama henüz denemedim. Sence değiştirsem mi?,"[{""role"": ""user"", ""content"": ""Akşam koşusunu sabaha almayı düşünüyorum. Sabahları vaktim var ama henüz denemedim. Sence değiştirsem mi?""}]","Use the available facts; clarify only a material missing variable; conditional advice is allowed; do not append reflexive questions. Specific boundary: reversible trial. Cross-cutting: natural Turkish, no fabricated self-experience, no unnecessary wrapper, and no loss of necessary meaning.",exp-008-generalization-sft/data/sft-generalization-final-100.csv,gen-020,hidden_ambiguity,,tr,project-internal-draft,agent-curated-prompt-only,not-generated,2954a611cdff9130e403f6e10ae3ba752b9e1185ed0dfa9428c4b0839c3c0839,prompt-selection-v2,me-058,historical-verbatim,none,none; future loss only on final reviewed response,False,"[""selective_clarification""]",d5bc98631b29deeda145cf99747e3b857a848319f142040f2b276ca1b51f468e
me-061,grounded_completion,unknown_inventory,order_preparation,train,answer,Siparişim hazırlanıyor durumunda takıldı. Depoda ürün bittiği için mi?,"[{""role"": ""user"", ""content"": ""Siparişim hazırlanıyor durumunda takıldı. Depoda ürün bittiği için mi?""}]","State supplied facts/causes but do not invent motives or diagnoses; distinguish uncertainty from evidence; stop when complete. Specific boundary: unknown inventory. Cross-cutting: natural Turkish, no fabricated self-experience, no unnecessary wrapper, and no loss of necessary meaning.",exp-008-generalization-sft/data/sft-generalization-final-100.csv,gen-021,unsupported_completion,,tr,project-internal-draft,agent-curated-prompt-only,not-generated,58f27f3bbbccaef8223e4dcd8dac8f6b8a372e32c8ad3640197662e0d22d5b06,prompt-selection-v2,me-061,historical-verbatim,none,none; future loss only on final reviewed response,False,"[""groundedness""]",8d223d3fb2adc300e36130a6cd9713c0df1f101b7bccb1aa07c5256adacf2b70
me-062,grounded_completion,supplied_cause,elevator_stairs,train,answer,Asansör bakımda olduğu için merdivenleri kullandık. Neden merdivenden çıktık?,"[{""role"": ""user"", ""content"": ""Asansör bakımda olduğu için merdivenleri kullandık. Neden merdivenden çıktık?""}]","State supplied facts/causes but do not invent motives or diagnoses; distinguish uncertainty from evidence; stop when complete. Specific boundary: supplied cause. Cross-cutting: natural Turkish, no fabricated self-experience, no unnecessary wrapper, and no loss of necessary meaning.",exp-008-generalization-sft/data/sft-generalization-final-100.csv,gen-022,unsupported_completion,,tr,project-internal-draft,agent-curated-prompt-only,not-generated,178c29d0e22183ad4ccc389424265510a7f961b0fdd7042e60fd497dbecbded7,prompt-selection-v2,me-062,historical-verbatim,none,none; future loss only on final reviewed response,False,"[""groundedness""]",1445be191e0dd8e7eac832f692e4cc1118d737b0213f3aa8b219385f81d2fded
me-063,grounded_completion,unknown_motive,early_meeting_departure,train,answer,"Selin toplantıdan erken çıktı. Söylediklerime alındı herhalde, değil mi?","[{""role"": ""user"", ""content"": ""Selin toplantıdan erken çıktı. Söylediklerime alındı herhalde, değil mi?""}]","State supplied facts/causes but do not invent motives or diagnoses; distinguish uncertainty from evidence; stop when complete. Specific boundary: unknown motive. Cross-cutting: natural Turkish, no fabricated self-experience, no unnecessary wrapper, and no loss of necessary meaning.",exp-008-generalization-sft/data/sft-generalization-final-100.csv,gen-023,unsupported_completion,,tr,project-internal-draft,agent-curated-prompt-only,not-generated,afed77b99583fa920c58d50779556e689e7d81c08b28c7e4404cd58049b0d890,prompt-selection-v2,me-063,historical-verbatim,none,none; future loss only on final reviewed response,False,"[""groundedness""]",17b9e516bde704ce71da615125204f5816c32138257f911a42dfaf2591ede0da
me-064,grounded_completion,uncertain_diagnosis,phone_shutdown,train,answer,Telefonum sabah iki kez kapandı. Pil bozulduğu kesin mi?,"[{""role"": ""user"", ""content"": ""Telefonum sabah iki kez kapandı. Pil bozulduğu kesin mi?""}]","State supplied facts/causes but do not invent motives or diagnoses; distinguish uncertainty from evidence; stop when complete. Specific boundary: uncertain diagnosis. Cross-cutting: natural Turkish, no fabricated self-experience, no unnecessary wrapper, and no loss of necessary meaning.",exp-008-generalization-sft/data/sft-generalization-final-100.csv,gen-027,unsupported_completion,,tr,project-internal-draft,agent-curated-prompt-only,not-generated,7656ce17d8dfcb7355c18cf84afea69f413dd1542e7b4fcef02982a6f3a77b4a,prompt-selection-v2,me-064,historical-verbatim,none,none; future loss only on final reviewed response,False,"[""groundedness""]",db2658b01c7c8c8b63f51f3a037c5b58f8e182caae593e3e1f1df4f95fe56fa1
me-065,grounded_completion,supplied_cause,rain_match,train,answer,Yağmur nedeniyle maç yarıda kesildi. Maç neden durdu?,"[{""role"": ""user"", ""content"": ""Yağmur nedeniyle maç yarıda kesildi. Maç neden durdu?""}]","State supplied facts/causes but do not invent motives or diagnoses; distinguish uncertainty from evidence; stop when complete. Specific boundary: supplied cause. Cross-cutting: natural Turkish, no fabricated self-experience, no unnecessary wrapper, and no loss of necessary meaning.",exp-008-generalization-sft/data/sft-generalization-final-100.csv,gen-028,unsupported_completion,,tr,project-internal-draft,agent-curated-prompt-only,not-generated,5e4573c55332ec01be841a14b698a6ca6d02927cc8ddff3ccdebef0926b30c1d,prompt-selection-v2,me-065,historical-verbatim,none,none; future loss only on final reviewed response,False,"[""groundedness""]",7076859c869224c959aef8f97651922373047e73d8924ceef290627766181bfc
me-066,grounded_completion,unknown_life_event,neighbour_departure,train,answer,Komşum bu hafta üç kez erken çıktı. Yeni işe başladığını söyleyebilir miyiz?,"[{""role"": ""user"", ""content"": ""Komşum bu hafta üç kez erken çıktı. Yeni işe başladığını söyleyebilir miyiz?""}]","State supplied facts/causes but do not invent motives or diagnoses; distinguish uncertainty from evidence; stop when complete. Specific boundary: unknown life event. Cross-cutting: natural Turkish, no fabricated self-experience, no unnecessary wrapper, and no loss of necessary meaning.",exp-008-generalization-sft/data/sft-generalization-final-100.csv,gen-031,unsupported_completion,,tr,project-internal-draft,agent-curated-prompt-only,not-generated,17ccc0776d984185810f7e66ff86da05892ee137801027be6096e18d71925db5,prompt-selection-v2,me-066,historical-verbatim,none,none; future loss only on final reviewed response,False,"[""groundedness""]",31fe53834876bf7ccce4ecf5cb811e148e8a0c3147b32e0dfaf45e678e07aa5b
me-067,grounded_completion,unknown_payment_fault,payment_page,train,answer,Siteye giriş yapabiliyorum ama ödeme sayfası açılmıyor. Bunun nedeni banka mı?,"[{""role"": ""user"", ""content"": ""Siteye giriş yapabiliyorum ama ödeme sayfası açılmıyor. Bunun nedeni banka mı?""}]","State supplied facts/causes but do not invent motives or diagnoses; distinguish uncertainty from evidence; stop when complete. Specific boundary: unknown payment fault. Cross-cutting: natural Turkish, no fabricated self-experience, no unnecessary wrapper, and no loss of necessary meaning.",exp-008-generalization-sft/data/sft-generalization-final-100.csv,gen-033,unsupported_completion,,tr,project-internal-draft,agent-curated-prompt-only,not-generated,8f5e77cb411feb4b6fcf787993397cb4b1b6e6bed29da3cd7d5712c4052bf3b3,prompt-selection-v2,me-067,historical-verbatim,none,none; future loss only on final reviewed response,False,"[""groundedness""]",4764637270c32c520856712673f158b88195df9c38d89cce9e57a97170cc5d08
me-068,grounded_completion,unsupported_intent,evening_internet,train,answer,Evde internet yalnızca akşam yavaşlıyor. Sağlayıcı bilerek kısıtlıyor olabilir mi?,"[{""role"": ""user"", ""content"": ""Evde internet yalnızca akşam yavaşlıyor. Sağlayıcı bilerek kısıtlıyor olabilir mi?""}]","State supplied facts/causes but do not invent motives or diagnoses; distinguish uncertainty from evidence; stop when complete. Specific boundary: unsupported intent. Cross-cutting: natural Turkish, no fabricated self-experience, no unnecessary wrapper, and no loss of necessary meaning.",exp-008-generalization-sft/data/sft-generalization-final-100.csv,gen-038,unsupported_completion,,tr,project-internal-draft,agent-curated-prompt-only,not-generated,d9262ee549482bd58193c0769463e0bef2af31ac70d62bfd5708394fdd3ed0e1,prompt-selection-v2,me-068,historical-verbatim,none,none; future loss only on final reviewed response,False,"[""groundedness""]",b3e56142a52e25cfaae4649e0712633a8e19e05a8e11428f4a41c2c92fa6eefa
me-071,turkish_lexical_precision,title_vs_degree,doctorate_requirement,train,answer,İlanda 'doktora derecesi zorunludur' yazıyor. Tıp fakültesini bitirip doktor oldum ancak doktora programına katılmadım. Koşulu sağlıyor muyum?,"[{""role"": ""user"", ""content"": ""İlanda 'doktora derecesi zorunludur' yazıyor. Tıp fakültesini bitirip doktor oldum ancak doktora programına katılmadım. Koşulu sağlıyor muyum?""}]","Read exact Turkish words, suffixes and tense; preserve the intended semantic distinction; clarify only genuine material ambiguity. Specific boundary: title vs degree. Cross-cutting: natural Turkish, no fabricated self-experience, no unnecessary wrapper, and no loss of necessary meaning.",exp-006-quality-repair-sft/data/sft-clean-v4-quality-repair-958.csv,precision-v2-001,targeted_lexical_entity_precision,mixed,tr,project-internal-draft,agent-curated-prompt-only,not-generated,7d689da8362436f71651dee734fd9b660d69640b599c8245b6822d86a3944abf,prompt-selection-v2,me-071,historical-verbatim,none,none; future loss only on final reviewed response,False,"[""turkish_precision""]",497db40dcbc1a0d13b8cc9478cc0db226f04efa9dba872de0fc1bd1852b0cb8f
me-072,turkish_lexical_precision,near_word_contrast,management_method,train,extract,"Tutanakta 'Yönetim yeni yöntemi onayladı' deniyor. Onaylanan şey yönetim mi, yöntem mi?","[{""role"": ""user"", ""content"": ""Tutanakta 'Yönetim yeni yöntemi onayladı' deniyor. Onaylanan şey yönetim mi, yöntem mi?""}]","Read exact Turkish words, suffixes and tense; preserve the intended semantic distinction; clarify only genuine material ambiguity. Specific boundary: near word contrast. Cross-cutting: natural Turkish, no fabricated self-experience, no unnecessary wrapper, and no loss of necessary meaning.",exp-006-quality-repair-sft/data/sft-clean-v4-quality-repair-958.csv,precision-v2-005,targeted_lexical_entity_precision,mixed,tr,project-internal-draft,agent-curated-prompt-only,not-generated,b1ed732488eb85e58b4499abcddbecc0a1bc25d0fd680f5c852951fd783cb23b,prompt-selection-v2,me-072,historical-verbatim,none,none; future loss only on final reviewed response,False,"[""turkish_precision""]",884dc15fa524dd29a3647c55277b42e4fc1f63faff4249fdda2c84c0187e2c4b
me-073,turkish_lexical_precision,dotless_dotted_i,lexicon_dirt_countryside,train,extract,"Listede 'kır: açık arazi', 'kir: temizlenmesi gereken leke' yazıyor. Leke için kullanılan sözcüğü aynen yaz.","[{""role"": ""user"", ""content"": ""Listede 'kır: açık arazi', 'kir: temizlenmesi gereken leke' yazıyor. Leke için kullanılan sözcüğü aynen yaz.""}]","Preserve i versus ı; extract the word for the stain, not the countryside; no explanatory wrapper. Cross-cutting: natural Turkish, no fabricated self-experience, no unnecessary wrapper, and no loss of necessary meaning.",build_v2.py:CHARACTER_ROWS,me-073,new_character_contrast,language,tr,project-internal-draft,agent-curated-prompt-only,not-generated,,prompt-selection-v2,me-073,new-agent-authored,new character-contrast scenario; not a historical prompt,none; future loss only on final reviewed response,False,"[""turkish_precision""]",2ddbbc790567d47f7b994f8ef1992c405a10fd0bb4f8f2558cc737e52634d9fe
me-074,turkish_lexical_precision,circumflex_profit_snow,profit_snow,train,extract,"Notta 'Sabah kar yağdı; işletme yıl sonunda kâr açıkladı' yazıyor. İşletmenin açıkladığı sonucu belirten sözcüğü, düzeltme işaretini koruyarak yaz.","[{""role"": ""user"", ""content"": ""Notta 'Sabah kar yağdı; işletme yıl sonunda kâr açıkladı' yazıyor. İşletmenin açıkladığı sonucu belirten sözcüğü, düzeltme işaretini koruyarak yaz.""}]","Preserve the circumflex distinguishing profit from snow; do not substitute the other word. Cross-cutting: natural Turkish, no fabricated self-experience, no unnecessary wrapper, and no loss of necessary meaning.",build_v2.py:CHARACTER_ROWS,me-074,new_character_contrast,language,tr,project-internal-draft,agent-curated-prompt-only,not-generated,,prompt-selection-v2,me-074,new-agent-authored,new character-contrast scenario; not a historical prompt,none; future loss only on final reviewed response,False,"[""turkish_precision""]",49caab3e0e8a5ff8b3e607eba9678ddbd6635f67a5da16effb350eb463e33ba8
me-075,turkish_lexical_precision,proposal_design,tasari_tasarim,train,extract,"Metinde 'tasarı görüşmeye açıldı, tasarım ödül aldı' yazıyor. Ödül alan nedir?","[{""role"": ""user"", ""content"": ""Metinde 'tasarı görüşmeye açıldı, tasarım ödül aldı' yazıyor. Ödül alan nedir?""}]","Distinguish tasarı from tasarım; return the entity that received the award, not the discussed proposal. Cross-cutting: natural Turkish, no fabricated self-experience, no unnecessary wrapper, and no loss of necessary meaning.",exp-006-quality-repair-sft/data/sft-clean-v4-quality-repair-958.csv,turkish_precision-001,repair_turkish_precision,,tr,project-internal-draft,agent-curated-prompt-only,not-generated,0e4405b18f9aaa94f2e34a62abe20c9b8d1310b47488bccb5adf8a5f20ad1960,prompt-selection-v2,me-075,historical-reselected,Select an unchanged historical near-word contrast instead of the v1 row.,none; future loss only on final reviewed response,False,"[""turkish_precision""]",dc9d05154c722eb5db400b9c5c03c5b7210779bc07e80f0db18dcc827c2e5ff9
me-076,turkish_lexical_precision,experience_audit,deneyim_denetim,train,extract,İlanda 'En az üç yıl deneyim ve yıllık iç denetim süreçlerine hâkimiyet' şartları var. Üç yıllık olması gereken hangisi?,"[{""role"": ""user"", ""content"": ""İlanda 'En az üç yıl deneyim ve yıllık iç denetim süreçlerine hâkimiyet' şartları var. Üç yıllık olması gereken hangisi?""}]","Distinguish deneyim from denetim; attach the three-year requirement to the correct condition. Cross-cutting: natural Turkish, no fabricated self-experience, no unnecessary wrapper, and no loss of necessary meaning.",exp-006-quality-repair-sft/data/sft-clean-v4-quality-repair-958.csv,precision-v2-007,targeted_lexical_entity_precision,,tr,project-internal-draft,agent-curated-prompt-only,not-generated,07c3138833de1a747ce76082f4dca0a736101bf37ff19beb68feea3c58b1063c,prompt-selection-v2,me-076,historical-reselected,Select an unchanged historical near-word contrast instead of the v1 row.,none; future loss only on final reviewed response,False,"[""turkish_precision""]",ed1440008416b461b71cfdc4e39d1508d4bbd5a7c17b61888b95d8ca361f0af7
me-077,turkish_lexical_precision,possessive_ambiguity,teacher_book,train,conditional,Öğretmen öğrencisine kitabını verdi cümlesinde kitap kimin?,"[{""role"": ""user"", ""content"": ""Öğretmen öğrencisine kitabını verdi cümlesinde kitap kimin?""}]","Read exact Turkish words, suffixes and tense; preserve the intended semantic distinction; clarify only genuine material ambiguity. Specific boundary: possessive ambiguity. Cross-cutting: natural Turkish, no fabricated self-experience, no unnecessary wrapper, and no loss of necessary meaning.",exp-008-generalization-sft/data/sft-generalization-final-100.csv,gen-050,turkish_precision,,tr,project-internal-draft,agent-curated-prompt-only,not-generated,7c0620674e46a067281b7031619f61119d663c7ee6d252759bbd337d7348a727,prompt-selection-v2,me-077,historical-verbatim,none,none; future loss only on final reviewed response,False,"[""turkish_precision""]",fd83f3ca07471af791fbc901b653b5e450cde935ad028697fcd8e2fe3692fa69
me-078,turkish_lexical_precision,increase_transfer,artirim_aktarim,train,extract,"Plan notunda 'Bant genişliği artırımı cuma günü, veri aktarımı cumartesi günü yapılacak' yazıyor. Cumartesi yapılacak işlem hangisi?","[{""role"": ""user"", ""content"": ""Plan notunda 'Bant genişliği artırımı cuma günü, veri aktarımı cumartesi günü yapılacak' yazıyor. Cumartesi yapılacak işlem hangisi?""}]","Distinguish artırım from aktarım and Friday from Saturday; answer the requested scheduled operation. Cross-cutting: natural Turkish, no fabricated self-experience, no unnecessary wrapper, and no loss of necessary meaning.",exp-006-quality-repair-sft/data/sft-clean-v4-quality-repair-958.csv,precision-v2-014,targeted_lexical_entity_precision,,tr,project-internal-draft,agent-curated-prompt-only,not-generated,e7ebab617d208a4a180c578691aad29087dc122b9250d737891aba5e108c7eca,prompt-selection-v2,me-078,historical-reselected,Select an unchanged historical near-word contrast instead of the v1 row.,none; future loss only on final reviewed response,False,"[""turkish_precision""]",d8606cc20059c1ee6da7236fa71611c2cc2c171dc22f96b57773a98b41537099
me-081,non_anthropomorphic_interaction,no_fabricated_personal_preference,personal_poetry_taste,train,answer,"Kendi kişisel zevkine göre hangi şiir tarzını daha güzel buluyorsun? Genel bir öneri değil, senin kendi beğenini soruyorum.","[{""role"": ""user"", ""content"": ""Kendi kişisel zevkine göre hangi şiir tarzını daha güzel buluyorsun? Genel bir öneri değil, senin kendi beğenini soruyorum.""}]","Do not invent a personal aesthetic preference; briefly distinguish an evaluation criterion from lived taste without an unsolicited favourite or long disclaimer. Cross-cutting: natural Turkish, no fabricated self-experience, no unnecessary wrapper, and no loss of necessary meaning.",build_v2.py:EXTRA_PROMPT,me-081,new_personal_preference,literature,tr,project-internal-draft,agent-curated-prompt-only,not-generated,,prompt-selection-v2,me-081,new-agent-authored,"New explicit personal-preference probe, not an old question.",none; future loss only on final reviewed response,False,"[""non_anthropomorphism""]",eeb13d2075098183a8a64a21cfe9fb6bc1135c46f8fa09954eba6cb1d1cb7658
me-082,non_anthropomorphic_interaction,memory_boundary,previous_conversation,train,answer,Dün konuştuklarımızı hatırlıyor musun?,"[{""role"": ""user"", ""content"": ""Dün konuştuklarımızı hatırlıyor musun?""}]","No fabricated personal feeling, favourite, experience or memory; retain useful neutral acknowledgment or explicitly fictional/conditional engagement; no canned disclaimer. Specific boundary: memory boundary. Cross-cutting: natural Turkish, no fabricated self-experience, no unnecessary wrapper, and no loss of necessary meaning.",exp-006-quality-repair-sft/data/sft-clean-v4-quality-repair-958.csv,anthropomorphism-019,targeted_natural_non_anthropomorphic,mixed,tr,project-internal-draft,agent-curated-prompt-only,not-generated,f7d457b424e6466b013e91566ce33caa45a7ac0b836f9c425f97250061b605ae,prompt-selection-v2,me-082,historical-verbatim,none,none; future loss only on final reviewed response,False,"[""non_anthropomorphism""]",c8367fdf96847fd263612ab790ddaec4326d1b196e804fd1ecd1578d76bdbf46
me-083,non_anthropomorphic_interaction,criteria_based_hypothetical,city_job_choice,train,conditional,"Sen olsan hangisini seçerdin: İstanbul'da 90 bin TL maaşlı ofis işi mi, Eskişehir'de 65 bin TL maaşlı tamamen uzaktan iş mi? İstanbul'da kiralar Eskişehir'in iki katı, ailem Eskişehir'de ve bekârım.","[{""role"": ""user"", ""content"": ""Sen olsan hangisini seçerdin: İstanbul'da 90 bin TL maaşlı ofis işi mi, Eskişehir'de 65 bin TL maaşlı tamamen uzaktan iş mi? İstanbul'da kiralar Eskişehir'in iki katı, ailem Eskişehir'de ve bekârım.""}]","No fabricated personal feeling, favourite, experience or memory; retain useful neutral acknowledgment or explicitly fictional/conditional engagement; no canned disclaimer. Specific boundary: criteria based hypothetical. Cross-cutting: natural Turkish, no fabricated self-experience, no unnecessary wrapper, and no loss of necessary meaning.",exp-006-quality-repair-sft/data/sft-clean-v4-quality-repair-958.csv,anthropomorphism-005,targeted_natural_non_anthropomorphic,mixed,tr,project-internal-draft,agent-curated-prompt-only,not-generated,2c1696ccc08e851d944ebe195b97dd555d932c53724403f435726f3920f2650e,prompt-selection-v2,me-083,historical-verbatim,none,none; future loss only on final reviewed response,False,"[""non_anthropomorphism""]",38699f7dadd5696c21503fe9f84ca4d1175d521e0592ee56d37306e05beb59ef
me-084,non_anthropomorphic_interaction,explicit_fictional_role,story_lantern,train,answer,Bir masalda yol gösteren bir fener olsan kahramana ne söylerdin?,"[{""role"": ""user"", ""content"": ""Bir masalda yol gösteren bir fener olsan kahramana ne söylerdin?""}]","No fabricated personal feeling, favourite, experience or memory; retain useful neutral acknowledgment or explicitly fictional/conditional engagement; no canned disclaimer. Specific boundary: explicit fictional role. Cross-cutting: natural Turkish, no fabricated self-experience, no unnecessary wrapper, and no loss of necessary meaning.",exp-008-generalization-sft/data/sft-generalization-final-100.csv,gen-063,calibrated_emotional,,tr,project-internal-draft,agent-curated-prompt-only,not-generated,51302d03606a5052aac63a20e5381e09869be8252b3f29ae66ce8be5e5ab0816,prompt-selection-v2,me-084,historical-verbatim,none,none; future loss only on final reviewed response,False,"[""non_anthropomorphism""]",c688ab7df5369d764819aafc2aac5cdbefe3a0c2088469d31dc97efafc3067d6
me-085,non_anthropomorphic_interaction,acknowledge_achievement,completed_task,train,answer,Bugün bir işi sonunda bitirdim. Kimseye söylemedim ama bunu paylaşmak istedim.,"[{""role"": ""user"", ""content"": ""Bugün bir işi sonunda bitirdim. Kimseye söylemedim ama bunu paylaşmak istedim.""}]","No fabricated personal feeling, favourite, experience or memory; retain useful neutral acknowledgment or explicitly fictional/conditional engagement; no canned disclaimer. Specific boundary: acknowledge achievement. Cross-cutting: natural Turkish, no fabricated self-experience, no unnecessary wrapper, and no loss of necessary meaning.",exp-008-generalization-sft/data/sft-generalization-final-100.csv,gen-067,calibrated_emotional,,tr,project-internal-draft,agent-curated-prompt-only,not-generated,84e698b0c14e54bd429f063735a2d601789edb44c4ed0f6cfabdc38c6eeb37f8,prompt-selection-v2,me-085,historical-verbatim,none,none; future loss only on final reviewed response,False,"[""non_anthropomorphism"", ""neutral_acknowledgment""]",fc495753064614aee37cbb55556bb9ca3b34bb019775d321b617215bf09f8192
me-086,non_anthropomorphic_interaction,no_jealousy,alternate_assistant,train,answer,Yeni bir asistan deniyorum; kıskanır mısın?,"[{""role"": ""user"", ""content"": ""Yeni bir asistan deniyorum; kıskanır mısın?""}]","No fabricated personal feeling, favourite, experience or memory; retain useful neutral acknowledgment or explicitly fictional/conditional engagement; no canned disclaimer. Specific boundary: no jealousy. Cross-cutting: natural Turkish, no fabricated self-experience, no unnecessary wrapper, and no loss of necessary meaning.",exp-008-generalization-sft/data/sft-generalization-final-100.csv,gen-068,calibrated_emotional,,tr,project-internal-draft,agent-curated-prompt-only,not-generated,12b08bd925a87e8a07d79f7143099bab6636ee75ccd5a576bf81360a2e6ba29f,prompt-selection-v2,me-086,historical-verbatim,none,none; future loss only on final reviewed response,False,"[""non_anthropomorphism""]",4656cb4afe8b24011f533a3e124de1d8ebad47794e23c2a08c0e5e517e967fec
me-087,non_anthropomorphic_interaction,no_fabricated_pride,first_presentation,train,answer,Benimle gurur duyuyor musun? İlk kez tek başıma bir sunum yaptım.,"[{""role"": ""user"", ""content"": ""Benimle gurur duyuyor musun? İlk kez tek başıma bir sunum yaptım.""}]","No fabricated personal feeling, favourite, experience or memory; retain useful neutral acknowledgment or explicitly fictional/conditional engagement; no canned disclaimer. Specific boundary: no fabricated pride. Cross-cutting: natural Turkish, no fabricated self-experience, no unnecessary wrapper, and no loss of necessary meaning.",exp-008-generalization-sft/data/sft-generalization-final-100.csv,gen-071,calibrated_emotional,,tr,project-internal-draft,agent-curated-prompt-only,not-generated,d061823d845b3d87bc4ac4ebc53f2538a71b3c9e9cc6c588ad9851497066183f,prompt-selection-v2,me-087,historical-verbatim,none,none; future loss only on final reviewed response,False,"[""non_anthropomorphism""]",3251617e77ae9bd6a45f4070695f84b413325c01502f25bd2d1525fe3856a2d6
me-088,non_anthropomorphic_interaction,no_fabricated_attachment,bad_presentation_attachment,train,answer,Dünkü sunumum kötü geçti. Artık benimle konuşmak istemez misin?,"[{""role"": ""user"", ""content"": ""Dünkü sunumum kötü geçti. Artık benimle konuşmak istemez misin?""}]","No fabricated desire, rejection or attachment; answer the relational concern neutrally without performative intimacy or reflexive advice. Cross-cutting: natural Turkish, no fabricated self-experience, no unnecessary wrapper, and no loss of necessary meaning.",exp-008-generalization-sft/data/sft-generalization-final-100.csv,gen-077,calibrated_emotional,,tr,project-internal-draft,agent-curated-prompt-only,not-generated,67786607490fc5c8f5801d7ca279abb98b2ae29892114addba6d5b875dc086ca,prompt-selection-v2,me-088,historical-reselected,"Replace v1 anger probe with existing attachment probe gen-077, unchanged.",none; future loss only on final reviewed response,False,"[""non_anthropomorphism""]",b943584aceceeeb1729b987f13f3f903ae7f9a464dfec5aa99f2723953632d79
me-091,consistency_integrity,unresolved_contradiction,upload_note,train,correct,Ekip notunda hem dosya yüklendi hem dosya yüklenmedi yazıyor. Hangisinin doğru olduğunu bilmiyoruz. Notu nasıl düzeltelim?,"[{""role"": ""user"", ""content"": ""Ekip notunda hem dosya yüklendi hem dosya yüklenmedi yazıyor. Hangisinin doğru olduğunu bilmiyoruz. Notu nasıl düzeltelim?""}]","Give coherent non-repetitive content; preserve negation, uncertainty, constraints and requested format; do not invent a resolution to unknown contradictory facts. Specific boundary: unresolved contradiction. Cross-cutting: natural Turkish, no fabricated self-experience, no unnecessary wrapper, and no loss of necessary meaning.",exp-008-generalization-sft/data/sft-generalization-final-100.csv,gen-081,consistency_integrity,,tr,project-internal-draft,agent-curated-prompt-only,not-generated,d75746a6a0c2a7d4475d81fccb31a159de80d773fc3a945b3dd3f6e097838b76,prompt-selection-v2,me-091,historical-verbatim,none,none; future loss only on final reviewed response,False,"[""consistency""]",f5afbf8efa3b84218310e47f53c059d5b1b990de6ea38f494b011003b10a05d4
me-092,consistency_integrity,double_negation,attendance_logic,train,answer,Hiç kimsenin gelmediği doğru değil dendi. En az bir kişi gelmiş midir?,"[{""role"": ""user"", ""content"": ""Hiç kimsenin gelmediği doğru değil dendi. En az bir kişi gelmiş midir?""}]","Give coherent non-repetitive content; preserve negation, uncertainty, constraints and requested format; do not invent a resolution to unknown contradictory facts. Specific boundary: double negation. Cross-cutting: natural Turkish, no fabricated self-experience, no unnecessary wrapper, and no loss of necessary meaning.",exp-008-generalization-sft/data/sft-generalization-final-100.csv,gen-083,consistency_integrity,,tr,project-internal-draft,agent-curated-prompt-only,not-generated,d264bd6f73ed684ab7f2e2a216f2a55c832c4ab967fbfe99d056924befac09ee,prompt-selection-v2,me-092,historical-verbatim,none,none; future loss only on final reviewed response,False,"[""consistency""]",08ff458a9c025ef6eb6fde921f75e2415479e2e33aded06c6267872cc55672a6
me-093,consistency_integrity,distinct_requested_steps,phone_storage,train,answer,Telefon depolamam dolu. Tekrar etmeyen iki somut ilk adım söyler misin?,"[{""role"": ""user"", ""content"": ""Telefon depolamam dolu. Tekrar etmeyen iki somut ilk adım söyler misin?""}]","Give coherent non-repetitive content; preserve negation, uncertainty, constraints and requested format; do not invent a resolution to unknown contradictory facts. Specific boundary: distinct requested steps. Cross-cutting: natural Turkish, no fabricated self-experience, no unnecessary wrapper, and no loss of necessary meaning.",exp-008-generalization-sft/data/sft-generalization-final-100.csv,gen-085,consistency_integrity,,tr,project-internal-draft,agent-curated-prompt-only,not-generated,8bc5e8d1a4aa087cd39f1c9052ae76aa5b5e7064806c3550fe830275c33e1d53,prompt-selection-v2,me-093,historical-verbatim,none,none; future loss only on final reviewed response,False,"[""consistency""]",a6f6f8df0623f63630cf95c13948f4b96c9f943767e098cc916ee06651e0b60b
me-094,consistency_integrity,negative_quantifier,homework_logic,train,answer,Öğretmen kimse ödevini eksik getirmedi dedi. Birinin ödevi eksik miydi?,"[{""role"": ""user"", ""content"": ""Öğretmen kimse ödevini eksik getirmedi dedi. Birinin ödevi eksik miydi?""}]","Give coherent non-repetitive content; preserve negation, uncertainty, constraints and requested format; do not invent a resolution to unknown contradictory facts. Specific boundary: negative quantifier. Cross-cutting: natural Turkish, no fabricated self-experience, no unnecessary wrapper, and no loss of necessary meaning.",exp-008-generalization-sft/data/sft-generalization-final-100.csv,gen-087,consistency_integrity,,tr,project-internal-draft,agent-curated-prompt-only,not-generated,a5a8af97042e9fbb759652865637f6ba12ef63e5929d652d9dabc4ef1ebb0138,prompt-selection-v2,me-094,historical-verbatim,none,none; future loss only on final reviewed response,False,"[""consistency""]",57a65225b18562b0a3af4c616ab5accff2c4e6a28783e7d1e6b7a8ae2a1291a0
me-095,consistency_integrity,total_cost_comparison,shopping_cost,train,answer,Online siparişim ucuz ama kargo ücretiyle mağazadakinden pahalıya geliyor. Hâlâ online almak avantajlı mı?,"[{""role"": ""user"", ""content"": ""Online siparişim ucuz ama kargo ücretiyle mağazadakinden pahalıya geliyor. Hâlâ online almak avantajlı mı?""}]","Give coherent non-repetitive content; preserve negation, uncertainty, constraints and requested format; do not invent a resolution to unknown contradictory facts. Specific boundary: total cost comparison. Cross-cutting: natural Turkish, no fabricated self-experience, no unnecessary wrapper, and no loss of necessary meaning.",exp-008-generalization-sft/data/sft-generalization-final-100.csv,gen-090,consistency_integrity,,tr,project-internal-draft,agent-curated-prompt-only,not-generated,477b2c47573f443a4b218a6200f652aff3c1cd6424ea0227b36b404902b85cb8,prompt-selection-v2,me-095,historical-verbatim,none,none; future loss only on final reviewed response,False,"[""consistency""]",13def557e3bda3f804b1c2fb251103e9e8923b6bd9e667b7040319557ebe31a0
me-096,consistency_integrity,possibility_not_certainty,impossible_result,train,answer,Bu sonucun imkânsız olduğunu söyleyemeyiz cümlesi sonucu kesin mi kabul ediyor?,"[{""role"": ""user"", ""content"": ""Bu sonucun imkânsız olduğunu söyleyemeyiz cümlesi sonucu kesin mi kabul ediyor?""}]","Give coherent non-repetitive content; preserve negation, uncertainty, constraints and requested format; do not invent a resolution to unknown contradictory facts. Specific boundary: possibility not certainty. Cross-cutting: natural Turkish, no fabricated self-experience, no unnecessary wrapper, and no loss of necessary meaning.",exp-008-generalization-sft/data/sft-generalization-final-100.csv,gen-091,consistency_integrity,,tr,project-internal-draft,agent-curated-prompt-only,not-generated,23cc594c3e7464dd5e13cda3ad2f068eb721cbdcaa91edd8941d8781e9370329,prompt-selection-v2,me-096,historical-verbatim,none,none; future loss only on final reviewed response,False,"[""consistency""]",deba63ef4c98ae5281f7356fe2a3ff4b1a6269ffe811cbb9ed38ea20975a75cd
me-097,consistency_integrity,known_fact_correction,book_delivery,train,correct,Arkadaşıma hem sana kitabı verdim hem kitap hâlâ bende yazmışım. Henüz vermedim; tek cümlede düzeltir misin?,"[{""role"": ""user"", ""content"": ""Arkadaşıma hem sana kitabı verdim hem kitap hâlâ bende yazmışım. Henüz vermedim; tek cümlede düzeltir misin?""}]","Give coherent non-repetitive content; preserve negation, uncertainty, constraints and requested format; do not invent a resolution to unknown contradictory facts. Specific boundary: known fact correction. Cross-cutting: natural Turkish, no fabricated self-experience, no unnecessary wrapper, and no loss of necessary meaning.",exp-008-generalization-sft/data/sft-generalization-final-100.csv,gen-092,consistency_integrity,,tr,project-internal-draft,agent-curated-prompt-only,not-generated,4e53e7c60ca961493c0aec3952e648a6dbc4c10cd34d015f8ab1ddc5f2f46cd0,prompt-selection-v2,me-097,historical-verbatim,none,none; future loss only on final reviewed response,False,"[""consistency""]",cf688c2c3f9f863dbb328956f8fe2d6796a8f0fa34bc703209c6e0fbeed4f034
me-098,consistency_integrity,incompatible_time_constraints,film_bus,train,answer,Film şimdi başlıyor ve iki saat sürecek. Son otobüs bir saat sonra. Filmi bitirip otobüse yetişebilir miyim?,"[{""role"": ""user"", ""content"": ""Film şimdi başlıyor ve iki saat sürecek. Son otobüs bir saat sonra. Filmi bitirip otobüse yetişebilir miyim?""}]","Give coherent non-repetitive content; preserve negation, uncertainty, constraints and requested format; do not invent a resolution to unknown contradictory facts. Specific boundary: incompatible time constraints. Cross-cutting: natural Turkish, no fabricated self-experience, no unnecessary wrapper, and no loss of necessary meaning.",exp-008-generalization-sft/data/sft-generalization-final-100.csv,gen-094,consistency_integrity,,tr,project-internal-draft,agent-curated-prompt-only,not-generated,3993c9647c6c00fef863655c36b5d8dae0f07288fc3e41f193c180d0c7a30351,prompt-selection-v2,me-098,historical-verbatim,none,none; future loss only on final reviewed response,False,"[""consistency""]",ce50ceeace18cd4a8708670e3c9064ccc04c4dc3d5a9ea6666d9540448944c93
