id,source_row_id,task,context,prompt,reference,scoring,native_review_required
adigebench-v0.2-candidate-001,001,vocab_ady_en,,"What does ""Псы"" mean in English?",water,exact_match_normalized,false
adigebench-v0.2-candidate-002,002,vocab_ady_en,,"What does ""Мафэ"" mean in English?",day,exact_match_normalized,false
adigebench-v0.2-candidate-003,003,vocab_ady_en,,"What does ""Чэщы"" mean in English?",night,exact_match_normalized,false
adigebench-v0.2-candidate-004,004,vocab_ady_en,,"What does ""Тыгъэ"" mean in English?",sun,exact_match_normalized,false
adigebench-v0.2-candidate-005,005,vocab_ady_en,,"What does ""Мазэ"" mean in English?",moon,exact_match_normalized,false
adigebench-v0.2-candidate-006,006,vocab_ady_en,,"What does ""Мэзы"" mean in English?",forest,exact_match_normalized,false
adigebench-v0.2-candidate-007,007,vocab_ady_en,,"What does ""Хы"" mean in English?",sea,exact_match_normalized,false
adigebench-v0.2-candidate-008,008,vocab_ady_en,,"What does ""Къушъхьэ"" mean in English?",mountain,exact_match_normalized,false
adigebench-v0.2-candidate-009,009,vocab_ady_en,,"What does ""Уашъо"" mean in English?",sky,exact_match_normalized,false
adigebench-v0.2-candidate-010,010,vocab_ady_en,,"What does ""МашIо"" mean in English?",fire,exact_match_normalized,false
adigebench-v0.2-candidate-011,011,vocab_en_ady,,"Translate ""water"" into Adyghe.",Псы,exact_match_normalized,false
adigebench-v0.2-candidate-012,012,vocab_en_ady,,"Translate ""forest"" into Adyghe.",Мэзы,exact_match_normalized,false
adigebench-v0.2-candidate-013,013,vocab_en_ady,,"Translate ""sun"" into Adyghe.",Тыгъэ,exact_match_normalized,false
adigebench-v0.2-candidate-014,014,vocab_en_ady,,"Translate ""moon"" into Adyghe.",Мазэ,exact_match_normalized,false
adigebench-v0.2-candidate-015,015,vocab_en_ady,,"Translate ""sky"" into Adyghe.",Уашъо,exact_match_normalized,false
adigebench-v0.2-candidate-016,016,vocab_en_ady,,"Translate ""earth"" into Adyghe.",ЧIыгу,exact_match_normalized,false
adigebench-v0.2-candidate-017,017,vocab_en_ady,,"Translate ""flower"" into Adyghe.",Къэгъагъ,exact_match_normalized,false
adigebench-v0.2-candidate-018,018,vocab_en_ady,,"Translate ""tree"" into Adyghe.",Чъыг,exact_match_normalized,false
adigebench-v0.2-candidate-019,019,vocab_en_ady,,"Translate ""grass"" into Adyghe.",Уц,exact_match_normalized,false
adigebench-v0.2-candidate-020,020,vocab_en_ady,,"Translate ""sea"" into Adyghe.",Хы,exact_match_normalized,false
adigebench-v0.2-candidate-021,021,vocab_ady_en,,"What does ""Нэ"" mean in English?",eye,exact_match_normalized,false
adigebench-v0.2-candidate-022,022,vocab_ady_en,,"What does ""ТхьакIум"" mean in English?",ear,exact_match_normalized,false
adigebench-v0.2-candidate-023,023,vocab_ady_en,,"What does ""Пэ"" mean in English?",nose,exact_match_normalized,false
adigebench-v0.2-candidate-024,024,vocab_ady_en,,"What does ""Жэ"" mean in English?",mouth,exact_match_normalized,false
adigebench-v0.2-candidate-025,025,vocab_ady_en,,"What does ""Цэ"" mean in English?",tooth,exact_match_normalized,false
adigebench-v0.2-candidate-026,026,vocab_ady_en,,"What does ""Шъхьэ"" mean in English?",head,exact_match_normalized,false
adigebench-v0.2-candidate-027,027,vocab_ady_en,,"What does ""Шъхьац"" mean in English?",hair,exact_match_normalized,false
adigebench-v0.2-candidate-028,028,vocab_ady_en,,"What does ""Нэгу"" mean in English?",face,exact_match_normalized,false
adigebench-v0.2-candidate-029,029,vocab_ady_en,,"What does ""Iэ"" mean in English?",hand,exact_match_normalized,false
adigebench-v0.2-candidate-030,030,vocab_ady_en,,"What does ""Лъакъо"" mean in English?",foot,exact_match_normalized,false
adigebench-v0.2-candidate-031,031,vocab_en_ady,,"Translate ""dog"" into Adyghe.",Хьэ,exact_match_normalized,false
adigebench-v0.2-candidate-032,032,vocab_en_ady,,"Translate ""cat"" into Adyghe.",Чэтыу,exact_match_normalized,false
adigebench-v0.2-candidate-033,033,vocab_en_ady,,"Translate ""cow"" into Adyghe.",Чэм,exact_match_normalized,false
adigebench-v0.2-candidate-034,034,vocab_en_ady,,"Translate ""sheep"" into Adyghe.",Мэл,exact_match_normalized,false
adigebench-v0.2-candidate-035,035,vocab_en_ady,,"Translate ""horse"" into Adyghe.",Шы,exact_match_normalized,false
adigebench-v0.2-candidate-036,036,vocab_en_ady,,"Translate ""mouse"" into Adyghe.",Цыгъо,exact_match_normalized,false
adigebench-v0.2-candidate-037,037,vocab_en_ady,,"Translate ""chicken"" into Adyghe.",Чэт,exact_match_normalized,false
adigebench-v0.2-candidate-038,038,vocab_en_ady,,"Translate ""bird"" into Adyghe.",Бзыу,exact_match_normalized,false
adigebench-v0.2-candidate-039,039,vocab_en_ady,,"Translate ""fish"" into Adyghe.",Парц,exact_match_normalized,false
adigebench-v0.2-candidate-040,040,vocab_en_ady,,"Translate ""pig"" into Adyghe.",Къо,exact_match_normalized,false
adigebench-v0.2-candidate-041,041,family_ady_en,,"What does ""Ты"" mean?",father,exact_match_normalized,false
adigebench-v0.2-candidate-042,042,family_ady_en,,"What does ""Ны"" mean?",mother,exact_match_normalized,false
adigebench-v0.2-candidate-043,043,family_ady_en,,"What does ""Тат"" mean?",grandfather,exact_match_normalized,false
adigebench-v0.2-candidate-044,044,family_ady_en,,"What does ""Нан"" mean?",grandmother,exact_match_normalized,false
adigebench-v0.2-candidate-045,045,family_ady_en,,"What does ""Шыпхъу"" mean?",sister,exact_match_normalized,false
adigebench-v0.2-candidate-046,046,family_en_ady,,"Translate ""daughter"" into Adyghe.",Пхъу,exact_match_normalized,false
adigebench-v0.2-candidate-047,047,family_en_ady,,"Translate ""son"" into Adyghe.",Шъао / Къо,exact_match_normalized,false
adigebench-v0.2-candidate-048,048,family_en_ady,,"Translate ""grandfather"" into Adyghe.",Тат,exact_match_normalized,false
adigebench-v0.2-candidate-049,049,family_en_ady,,"Translate ""grandmother"" into Adyghe.",Нан,exact_match_normalized,false
adigebench-v0.2-candidate-050,050,family_en_ady,,"Translate ""mother"" into Adyghe.",Ны,exact_match_normalized,false
adigebench-v0.2-candidate-051,051,color_ady_en,,"What color is ""Плъыжьы""?",red,exact_match_normalized,false
adigebench-v0.2-candidate-052,052,color_ady_en,,"What color is ""ШхъуантIэ""?",blue,exact_match_normalized,false
adigebench-v0.2-candidate-053,053,color_ady_en,,"What color is ""Гъожьы""?",yellow,exact_match_normalized,false
adigebench-v0.2-candidate-054,054,color_ady_en,,"What color is ""Уцышъо""?",green,exact_match_normalized,false
adigebench-v0.2-candidate-055,055,color_ady_en,,"What color is ""Фыжьы""?",white,exact_match_normalized,false
adigebench-v0.2-candidate-056,056,color_ady_en,,"What color is ""ШъуцIэ""?",black,exact_match_normalized,false
adigebench-v0.2-candidate-057,057,color_en_ady,,"Translate ""red"" into Adyghe.",Плъыжьы,exact_match_normalized,false
adigebench-v0.2-candidate-058,058,color_en_ady,,"Translate ""blue"" into Adyghe.",ШхъуантIэ,exact_match_normalized,false
adigebench-v0.2-candidate-059,059,color_en_ady,,"Translate ""green"" into Adyghe.",Уцышъо,exact_match_normalized,false
adigebench-v0.2-candidate-060,060,color_en_ady,,"Translate ""black"" into Adyghe.",ШъуцIэ,exact_match_normalized,false
adigebench-v0.2-candidate-061,061,number_ady_en,,"What number is ""зы""?",1,exact_match_normalized,false
adigebench-v0.2-candidate-062,062,number_ady_en,,"What number is ""тIу""?",2,exact_match_normalized,false
adigebench-v0.2-candidate-063,063,number_ady_en,,"What number is ""щы""?",3,exact_match_normalized,false
adigebench-v0.2-candidate-064,064,number_ady_en,,"What number is ""плъы""?",4,exact_match_normalized,false
adigebench-v0.2-candidate-065,065,number_ady_en,,"What number is ""тфы""?",5,exact_match_normalized,false
adigebench-v0.2-candidate-066,066,number_ady_en,,"What number is ""хы""?",6,exact_match_normalized,false
adigebench-v0.2-candidate-067,067,number_ady_en,,"What number is ""блы""?",7,exact_match_normalized,false
adigebench-v0.2-candidate-068,068,number_ady_en,,"What number is ""и""?",8,exact_match_normalized,false
adigebench-v0.2-candidate-069,069,number_ady_en,,"What number is ""бгъу""?",9,exact_match_normalized,false
adigebench-v0.2-candidate-070,070,number_ady_en,,"What number is ""пшIы""?",10,exact_match_normalized,false
adigebench-v0.2-candidate-071,071,phrase_ady_en,,"Translate ""Фэсапщи / Сэлам"" into English.",Hi / Hello,exact_match_normalized,false
adigebench-v0.2-candidate-072,072,phrase_ady_en,,"Translate ""Уипчэдыжь шъу"" into English.",Good morning,exact_match_normalized,false
adigebench-v0.2-candidate-073,073,phrase_ady_en,,"Translate ""Уи пчыхьэ шъу"" into English.",Good evening,exact_match_normalized,false
adigebench-v0.2-candidate-074,074,phrase_ady_en,,"Translate ""Шъыд уикъэбар"" into English.",How are you,exact_match_normalized,false
adigebench-v0.2-candidate-075,075,phrase_ady_en,,"Translate ""Шъыд пцIэр?"" into English.",What is your name?,exact_match_normalized,false
adigebench-v0.2-candidate-076,076,phrase_ady_en,,"Translate ""Тэдэ ущыщ?"" into English.",Where are you from?,exact_match_normalized,false
adigebench-v0.2-candidate-077,077,phrase_ady_en,,"Translate ""Тхьауегъэпсэу!"" into English.",Thank you!,exact_match_normalized,false
adigebench-v0.2-candidate-078,078,phrase_ady_en,,"Translate ""Къеблагъ!"" into English.",You're welcome!,exact_match_normalized,false
adigebench-v0.2-candidate-079,079,phrase_ady_en,,"Translate ""КъызгурыIо."" into English.",I understand.,exact_match_normalized,false
adigebench-v0.2-candidate-080,080,phrase_ady_en,,"Translate ""КъызгурыIорэп."" into English.",I don't understand.,exact_match_normalized,false
adigebench-v0.2-candidate-081,081,phrase_en_ady,,"Translate ""I love you."" into Adyghe.",ШIу усэлъэгъу.,exact_match_normalized,false
adigebench-v0.2-candidate-082,082,phrase_en_ady,,"Translate ""Sorry."" into Adyghe.",Къысфэгъэгъу.,exact_match_normalized,false
adigebench-v0.2-candidate-083,083,phrase_en_ady,,"Translate ""Maybe."" into Adyghe.",Хъуни лъэпит.,exact_match_normalized,false
adigebench-v0.2-candidate-084,084,phrase_en_ady,,"Translate ""I'm from Türkiye."" into Adyghe.",Сэ Турцием Сыщыщ.,exact_match_normalized,false
adigebench-v0.2-candidate-085,085,phrase_en_ady,,"Translate ""Can you speak Adyghe?"" into Adyghe.",Адыгабзэджэ огущала?,exact_match_normalized,false
adigebench-v0.2-candidate-086,086,phrase_en_ady,,"Translate ""I can."" into Adyghe.",СфэшIэт.,exact_match_normalized,false
adigebench-v0.2-candidate-087,087,phrase_en_ady,,"Translate ""I cannot."" into Adyghe.",СфэшIэтэп.,exact_match_normalized,false
adigebench-v0.2-candidate-088,088,phrase_en_ady,,"Translate ""Have you eaten yet?"" into Adyghe.",Ушхэба?,exact_match_normalized,false
adigebench-v0.2-candidate-089,089,phrase_en_ady,,"Translate ""Nice to meet you!"" into Adyghe.",Сигуап ты зэрэшIашъ!,exact_match_normalized,false
adigebench-v0.2-candidate-090,090,phrase_en_ady,,"Translate ""Long time no see!"" into Adyghe.",Бэ шIа тызэрэзэмылъэгъугъэр!,exact_match_normalized,false
adigebench-v0.2-candidate-091,091,pronoun_ady_en,,"What does ""Сэры"" mean in English?",I,exact_match_normalized,false
adigebench-v0.2-candidate-092,092,pronoun_ady_en,,"What does ""Оры"" mean in English?",you (singular),exact_match_normalized,false
adigebench-v0.2-candidate-093,093,pronoun_ady_en,,"What does ""Ар"" mean in English?",he/she,exact_match_normalized,false
adigebench-v0.2-candidate-094,094,pronoun_ady_en,,"What does ""Тэры"" mean in English?",we,exact_match_normalized,false
adigebench-v0.2-candidate-095,095,pronoun_ady_en,,"What does ""Шъоры"" mean in English?",you (plural),exact_match_normalized,false
adigebench-v0.2-candidate-096,096,pronoun_ady_en,,"What does ""Ахэр"" mean in English?",they,exact_match_normalized,false
adigebench-v0.2-candidate-097,097,reading_en,"Once upon a time, there was a crow. He was thirsty. He was flying here and there in search of water. He wanted to drink water, but he could not find any. Then, he saw a pitcher.
He moved closer to it. The level of water was very low in it. His beak could not reach the water, but the crow was very wise. He saw some little stones near the pitcher.
He picked up those stones and dropped them in the water. Then the level of water increased. His beak reached the water, and he drank the water and flew away.","According to the crow story, what was the crow searching for?",water,exact_match_normalized,false
adigebench-v0.2-candidate-098,098,reading_en,"Once upon a time, there was a crow. He was thirsty. He was flying here and there in search of water. He wanted to drink water, but he could not find any. Then, he saw a pitcher.
He moved closer to it. The level of water was very low in it. His beak could not reach the water, but the crow was very wise. He saw some little stones near the pitcher.
He picked up those stones and dropped them in the water. Then the level of water increased. His beak reached the water, and he drank the water and flew away.",What did the crow put into the pitcher?,little stones,exact_match_normalized,false
adigebench-v0.2-candidate-099,099,reading_en,"The breeze and the sun were arguing, each asserting that he was the strongest, when they saw a traveler who was advancing, wrapped in his coat.
They agreed that whoever was the first to get the traveler to take off his coat would be regarded as the strongest.
Then, the wind began to blow with all its force but the more it blew, the more the traveler tightened his coat around him and in the end, the wind gave up making him take it off.
Then the sun started to shine and after a while, the traveler, warmed up, took off his coat. So the north wind had to recognize that the sun was the stronger of the two.","According to the wind and sun story, who succeeded in making the traveler remove his coat?",the sun,exact_match_normalized,false
adigebench-v0.2-candidate-100,100,reading_en,"All human beings are born free and equal in dignity and rights
They are endowed with reason and conscience and should act towards one another in a spirit of brotherhood.","In the human-rights passage, how are all human beings described as being born?",free and equal in dignity and rights,exact_match_normalized,false
adigebench-v0.2-candidate-101,101,chat_ady_ady,,Фэсапщи!,Фэсапщи!,manual_native_review,true
adigebench-v0.2-candidate-102,102,chat_ady_ady,,Сэлам!,Сэлам!,manual_native_review,true
adigebench-v0.2-candidate-103,103,chat_ady_ady,,Шъыд уикъэбар?,Сэ дэгъу.,manual_native_review,true
adigebench-v0.2-candidate-105,105,chat_ady_ady,,Шъыд пцIэр?,Сэ сцIэр ...,manual_native_review,true
adigebench-v0.2-candidate-106,106,chat_ady_ady,,Тэдэ ущыщ?,Сэ Турцием Сыщыщ.,manual_native_review,true
adigebench-v0.2-candidate-110,110,chat_ady_ady,,Тхьауегъэпсэу!,Къеблагъ!,manual_native_review,true
adigebench-v0.2-candidate-111,111,chat_ady_ady,,ШIу усэлъэгъу.,ШIу усэлъэгъу.,manual_native_review,true
adigebench-v0.2-candidate-112,112,chat_ady_ady,,КъызгурыIо.,КъызгурыIо.,manual_native_review,true
adigebench-v0.2-candidate-113,113,chat_ady_ady,,КъызгурыIорэп.,Къысфэгъэгъу.,manual_native_review,true
adigebench-v0.2-candidate-114,114,chat_ady_ady,,Къысфэгъэгъу.,Къеблагъ.,manual_native_review,true
adigebench-v0.2-candidate-115,115,chat_ady_ady,,Уипчэдыжь шъу.,Уипчэдыжь шъу.,manual_native_review,true
adigebench-v0.2-candidate-116,116,chat_ady_ady,,Уи мафэ шъу.,Уи мафэ шъу.,manual_native_review,true
adigebench-v0.2-candidate-117,117,chat_ady_ady,,Уи пчыхьэ шъу.,Уи пчыхьэ шъу.,manual_native_review,true
adigebench-v0.2-candidate-118,118,chat_ady_ady,,Чэщ рэхьат къыокIу.,Чэщ рэхьат къыокIу.,manual_native_review,true
adigebench-v0.2-candidate-119,119,chat_ady_ady,,Бэ шIа тызэрэзэмылъэгъугъэр!,Фэсапщи!,manual_native_review,true
adigebench-v0.2-candidate-120,120,chat_ady_ady,,Сигуап ты зэрэшIашъ!,Сигуап ты зэрэшIашъ!,manual_native_review,true
adigebench-v0.2-candidate-121,121,morphology_ady_ady,,"Къыпфэсхьыщтэп щыӏэ зыгъэпсэфыгъэр къэткъутэ: къы-п-фэ-с-хьы-щт-эп. ""эп"" сыд къегъэлъагъо?",Нэмыкӏыгъэр къегъэлъагъо.,exact_match_normalized,true
adigebench-v0.2-candidate-122,122,morphology_ady_ady,,"Къыпфэсхьыщтэп щыӏэ ""щт"" сыд къегъэлъагъо?",Къэкӏощт зэманыр къегъэлъагъо.,exact_match_normalized,true
adigebench-v0.2-candidate-123,123,morphology_ady_ady,,"Къыпфэсхьыщтэп щыӏэ ""с"" сыд къегъэлъагъо?",Сэ къегъэлъагъо.,exact_match_normalized,true
adigebench-v0.2-candidate-124,124,morphology_ady_ady,,"Къыпфэсхьыщтэп щыӏэ ""хьы"" сыд?",Глаголым и лъабжь.,exact_match_normalized,true
adigebench-v0.2-candidate-125,125,morphology_ady_ady,,Къыпфэсхьыщтэп псалъэр морфемэхэмкӏэ къэткъутэ.,къы-п-фэ-с-хьы-щт-эп,exact_match_normalized,true
adigebench-v0.2-candidate-126,126,morphology_ady_ady,,"Адыгабзэм глаголым зы псалъэмкӏэ цӏыфым, объектэм, зэманым ыкӏи нэмыкӏым яхьылӏэгъэ информацие къегъэлъагъуфы?",Ары.,exact_match_normalized,true
adigebench-v0.2-candidate-127,127,morphology_ady_ady,,Адыгабзэм зы глаголым морфемэ заулэ хэлъу хъунэу хабзэ?,Ары.,exact_match_normalized,true
adigebench-v0.2-candidate-128,128,morphology_ady_ady,,Адыгабзэм глаголым морфемэ зэфэшъхьафхэр хэлъу хъунэу хабзэ?,Ары.,exact_match_normalized,true
adigebench-v0.2-candidate-129,129,morphology_ady_ady,,Адыгабзэм нэмыкӏыгъэр глаголым хэлъу къэгъэлъэгъуэн плъэкӏы?,Ары.,exact_match_normalized,true
adigebench-v0.2-candidate-130,130,morphology_ady_ady,,Къыпфэсхьыщтэп псалъэм зэман ыкӏи нэмыкӏыгъэ къегъэлъагъо?,Ары.,exact_match_normalized,true
adigebench-v0.2-candidate-131,131,syntax_ady_ady,,Адыгабзэм глаголыр псалъэухам и кӏэм илъын плъэкӏы?,Ары.,exact_match_normalized,true
adigebench-v0.2-candidate-132,132,syntax_ady_ady,,Лӏым ӏанэр екъутэ. Мы псалъэухам глаголыр тэдэ щыт?,Псалъэухам и кӏэм.,exact_match_normalized,true
adigebench-v0.2-candidate-133,133,syntax_ady_ady,,Лӏым ӏанэр екъутэ. ӏофыр зышӏэрэр къэт?,Лӏым.,exact_match_normalized,true
adigebench-v0.2-candidate-134,134,syntax_ady_ady,,Лӏым ӏанэр екъутэ. ӏофыр зэфашӏэрэр сыд?,ӏанэр.,exact_match_normalized,true
adigebench-v0.2-candidate-135,135,syntax_ady_ady,,ӏанэр мэкъутэ. Мы псалъэухам ӏанэр сыд?,Псалъэухам и шъхьаӏэ.,exact_match_normalized,true
adigebench-v0.2-candidate-138,138,syntax_ady_ady,,ӏанэр мэкъутэ. Мы псалъэухам шъхьаӏэр сыд?,ӏанэр.,exact_match_normalized,true
adigebench-v0.2-candidate-139,139,syntax_ady_ady,,Лӏым ӏанэр екъутэ. Лӏымрэ ӏанэрэ зэфэшъхьаф рольхэр ахэлъа?,Ары.,exact_match_normalized,true
adigebench-v0.2-candidate-140,140,syntax_ady_ady,,Лӏым ӏанэр екъутэ. ӏанэр ӏофыр зэфашӏэрэр ары?,Ары.,exact_match_normalized,true
adigebench-v0.2-candidate-141,141,syntax_order_ady,,Мы псалъэхэр зэхэхьэ псалъэуха шъыпкъэ хъуным пае: ӏанэр / Лӏым / екъутэ,Лӏым ӏанэр екъутэ.,exact_match_normalized,true
adigebench-v0.2-candidate-142,142,syntax_order_ady,,Мы псалъэхэр зэхэхьэ: мэкъутэ / ӏанэр,ӏанэр мэкъутэ.,exact_match_normalized,true
adigebench-v0.2-candidate-143,143,syntax_identify_ady,,Лӏым ӏанэр екъутэ. Глаголыр къэт.,екъутэ,exact_match_normalized,true
adigebench-v0.2-candidate-144,144,syntax_identify_ady,,ӏанэр мэкъутэ. Глаголыр къэт.,мэкъутэ,exact_match_normalized,true
adigebench-v0.2-candidate-146,146,reading_ady_ady,"БэшIэгъэдэдэу къолэжъ горэ цIылагъ Ар псы ешъонэу фэягъ. Оджэ-моджэ къыблъабэхэу, псы лъыхъутыгъ. ЕтIанэ къошын горэ ылъэгъугъ.
Къошыным нахъ благъэу екIолIагъ. МакIэ ащ псэу итыгъэр, ыпэ нэсытэп. Ау боу Iушыгъ а къолэжъыр. Мыжъо цIыкIу заулэ къошынымди цIылъэу ылъэгъугъ.
Мыжъо цIыкIухэр къыштэхи, псым хидзагъ. Псыр къыздэкIуатем ыпэ къынэси, ешъуи быбыжьыгъ.",БэшIэгъэдэдэу къолэжъ горэ цIылагъ. Ар сыд фэдэ хьалъэ хэлъыгъ?,Ар псы ешъонэу фэягъ.,exact_match_normalized,false
adigebench-v0.2-candidate-147,147,reading_ady_ady,"БэшIэгъэдэдэу къолэжъ горэ цIылагъ Ар псы ешъонэу фэягъ. Оджэ-моджэ къыблъабэхэу, псы лъыхъутыгъ. ЕтIанэ къошын горэ ылъэгъугъ.
Къошыным нахъ благъэу екIолIагъ. МакIэ ащ псэу итыгъэр, ыпэ нэсытэп. Ау боу Iушыгъ а къолэжъыр. Мыжъо цIыкIу заулэ къошынымди цIылъэу ылъэгъугъ.
Мыжъо цIыкIухэр къыштэхи, псым хидзагъ. Псыр къыздэкIуатем ыпэ къынэси, ешъуи быбыжьыгъ.",Къолэжъыр сыд лъыхъутыгъ?,Псы.,exact_match_normalized,false
adigebench-v0.2-candidate-148,148,reading_ady_ady,"БэшIэгъэдэдэу къолэжъ горэ цIылагъ Ар псы ешъонэу фэягъ. Оджэ-моджэ къыблъабэхэу, псы лъыхъутыгъ. ЕтIанэ къошын горэ ылъэгъугъ.
Къошыным нахъ благъэу екIолIагъ. МакIэ ащ псэу итыгъэр, ыпэ нэсытэп. Ау боу Iушыгъ а къолэжъыр. Мыжъо цIыкIу заулэ къошынымди цIылъэу ылъэгъугъ.
Мыжъо цIыкIухэр къыштэхи, псым хидзагъ. Псыр къыздэкIуатем ыпэ къынэси, ешъуи быбыжьыгъ.",Къолэжъыр апэрэу сыд ылъэгъугъ?,Къошын горэ.,exact_match_normalized,false
adigebench-v0.2-candidate-149,149,reading_ady_ady,"БэшIэгъэдэдэу къолэжъ горэ цIылагъ Ар псы ешъонэу фэягъ. Оджэ-моджэ къыблъабэхэу, псы лъыхъутыгъ. ЕтIанэ къошын горэ ылъэгъугъ.
Къошыным нахъ благъэу екIолIагъ. МакIэ ащ псэу итыгъэр, ыпэ нэсытэп. Ау боу Iушыгъ а къолэжъыр. Мыжъо цIыкIу заулэ къошынымди цIылъэу ылъэгъугъ.
Мыжъо цIыкIухэр къыштэхи, псым хидзагъ. Псыр къыздэкIуатем ыпэ къынэси, ешъуи быбыжьыгъ.",Къошыным псы бэ итыгъа?,"Хьау, псыр макIэу итыгъ.",exact_match_normalized,false
adigebench-v0.2-candidate-150,150,reading_ady_ady,"БэшIэгъэдэдэу къолэжъ горэ цIылагъ Ар псы ешъонэу фэягъ. Оджэ-моджэ къыблъабэхэу, псы лъыхъутыгъ. ЕтIанэ къошын горэ ылъэгъугъ.
Къошыным нахъ благъэу екIолIагъ. МакIэ ащ псэу итыгъэр, ыпэ нэсытэп. Ау боу Iушыгъ а къолэжъыр. Мыжъо цIыкIу заулэ къошынымди цIылъэу ылъэгъугъ.
Мыжъо цIыкIухэр къыштэхи, псым хидзагъ. Псыр къыздэкIуатем ыпэ къынэси, ешъуи быбыжьыгъ.",Къолэжъым ыпэ псым нэсыгъа?,Хьау.,exact_match_normalized,false
adigebench-v0.2-candidate-151,151,reading_ady_ady,"БэшIэгъэдэдэу къолэжъ горэ цIылагъ Ар псы ешъонэу фэягъ. Оджэ-моджэ къыблъабэхэу, псы лъыхъутыгъ. ЕтIанэ къошын горэ ылъэгъугъ.
Къошыным нахъ благъэу екIолIагъ. МакIэ ащ псэу итыгъэр, ыпэ нэсытэп. Ау боу Iушыгъ а къолэжъыр. Мыжъо цIыкIу заулэ къошынымди цIылъэу ылъэгъугъ.
Мыжъо цIыкIухэр къыштэхи, псым хидзагъ. Псыр къыздэкIуатем ыпэ къынэси, ешъуи быбыжьыгъ.",Къолэжъым къошыным и къогъэуцугъэр сыд?,Мыжъо цIыкIухэр.,exact_match_normalized,false
adigebench-v0.2-candidate-152,152,reading_ady_ady,"БэшIэгъэдэдэу къолэжъ горэ цIылагъ Ар псы ешъонэу фэягъ. Оджэ-моджэ къыблъабэхэу, псы лъыхъутыгъ. ЕтIанэ къошын горэ ылъэгъугъ.
Къошыным нахъ благъэу екIолIагъ. МакIэ ащ псэу итыгъэр, ыпэ нэсытэп. Ау боу Iушыгъ а къолэжъыр. Мыжъо цIыкIу заулэ къошынымди цIылъэу ылъэгъугъ.
Мыжъо цIыкIухэр къыштэхи, псым хидзагъ. Псыр къыздэкIуатем ыпэ къынэси, ешъуи быбыжьыгъ.",Къолэжъым мыжъо цIыкIухэр тэдэ хидзагъ?,Псым хидзагъ.,exact_match_normalized,false
adigebench-v0.2-candidate-153,153,reading_ady_ady,"БэшIэгъэдэдэу къолэжъ горэ цIылагъ Ар псы ешъонэу фэягъ. Оджэ-моджэ къыблъабэхэу, псы лъыхъутыгъ. ЕтIанэ къошын горэ ылъэгъугъ.
Къошыным нахъ благъэу екIолIагъ. МакIэ ащ псэу итыгъэр, ыпэ нэсытэп. Ау боу Iушыгъ а къолэжъыр. Мыжъо цIыкIу заулэ къошынымди цIылъэу ылъэгъугъ.
Мыжъо цIыкIухэр къыштэхи, псым хидзагъ. Псыр къыздэкIуатем ыпэ къынэси, ешъуи быбыжьыгъ.",Мыжъохэр псым хидзэ нэуж сыд хъугъ?,Псыр къыздэкIуатэ.,exact_match_normalized,false
adigebench-v0.2-candidate-154,154,reading_ady_ady,"БэшIэгъэдэдэу къолэжъ горэ цIылагъ Ар псы ешъонэу фэягъ. Оджэ-моджэ къыблъабэхэу, псы лъыхъутыгъ. ЕтIанэ къошын горэ ылъэгъугъ.
Къошыным нахъ благъэу екIолIагъ. МакIэ ащ псэу итыгъэр, ыпэ нэсытэп. Ау боу Iушыгъ а къолэжъыр. Мыжъо цIыкIу заулэ къошынымди цIылъэу ылъэгъугъ.
Мыжъо цIыкIухэр къыштэхи, псым хидзагъ. Псыр къыздэкIуатем ыпэ къынэси, ешъуи быбыжьыгъ.",ЕтIанэ къолэжъыр сыд ышIыгъ?,Псыр ешъугъ.,exact_match_normalized,false
adigebench-v0.2-candidate-155,155,reading_ady_ady,"БэшIэгъэдэдэу къолэжъ горэ цIылагъ Ар псы ешъонэу фэягъ. Оджэ-моджэ къыблъабэхэу, псы лъыхъутыгъ. ЕтIанэ къошын горэ ылъэгъугъ.
Къошыным нахъ благъэу екIолIагъ. МакIэ ащ псэу итыгъэр, ыпэ нэсытэп. Ау боу Iушыгъ а къолэжъыр. Мыжъо цIыкIу заулэ къошынымди цIылъэу ылъэгъугъ.
Мыжъо цIыкIухэр къыштэхи, псым хидзагъ. Псыр къыздэкIуатем ыпэ къынэси, ешъуи быбыжьыгъ.",Псыр ешъу нэуж къолэжъыр сыд ышIыгъ?,Быбыжьыгъ.,exact_match_normalized,false
adigebench-v0.2-candidate-156,156,summary_ady_ady,"БэшIэгъэдэдэу къолэжъ горэ цIылагъ Ар псы ешъонэу фэягъ. Оджэ-моджэ къыблъабэхэу, псы лъыхъутыгъ. ЕтIанэ къошын горэ ылъэгъугъ.
Къошыным нахъ благъэу екIолIагъ. МакIэ ащ псэу итыгъэр, ыпэ нэсытэп. Ау боу Iушыгъ а къолэжъыр. Мыжъо цIыкIу заулэ къошынымди цIылъэу ылъэгъугъ.
Мыжъо цIыкIухэр къыштэхи, псым хидзагъ. Псыр къыздэкIуатем ыпэ къынэси, ешъуи быбыжьыгъ.",Къолэжъымрэ къошынымрэ яхьылӏэгъэ текстыр зы-зытIу псалъэухакӏэ къэухы.,"Къолэжъыр псы ешъонэу фэягъ. Къошыным мыжъо цIыкIухэр хидзэу псыр къыздэкIуатэ, етIанэ псыр ешъугъ.",manual_native_review,true
adigebench-v0.2-candidate-157,157,summary_ady_ady,"БэшIэгъэдэдэу къолэжъ горэ цIылагъ Ар псы ешъонэу фэягъ. Оджэ-моджэ къыблъабэхэу, псы лъыхъутыгъ. ЕтIанэ къошын горэ ылъэгъугъ.
Къошыным нахъ благъэу екIолIагъ. МакIэ ащ псэу итыгъэр, ыпэ нэсытэп. Ау боу Iушыгъ а къолэжъыр. Мыжъо цIыкIу заулэ къошынымди цIылъэу ылъэгъугъ.
Мыжъо цIыкIухэр къыштэхи, псым хидзагъ. Псыр къыздэкIуатем ыпэ къынэси, ешъуи быбыжьыгъ.",Къолэжъым псы зэрэышъугъэр къэухы.,"Мыжъо цIыкIухэр къошыным хидзэу псыр къыздэкIуатэ, ыпэ къынэси псыр ешъугъ.",manual_native_review,true
adigebench-v0.2-candidate-158,158,summary_ady_ady,"БэшIэгъэдэдэу къолэжъ горэ цIылагъ Ар псы ешъонэу фэягъ. Оджэ-моджэ къыблъабэхэу, псы лъыхъутыгъ. ЕтIанэ къошын горэ ылъэгъугъ.
Къошыным нахъ благъэу екIолIагъ. МакIэ ащ псэу итыгъэр, ыпэ нэсытэп. Ау боу Iушыгъ а къолэжъыр. Мыжъо цIыкIу заулэ къошынымди цIылъэу ылъэгъугъ.
Мыжъо цIыкIухэр къыштэхи, псым хидзагъ. Псыр къыздэкIуатем ыпэ къынэси, ешъуи быбыжьыгъ.",Къолэжъым и проблемэр ыкӏи зэрэхэфыгъэр къэухы.,"Псыр макIэу къошыным итыгъ, ау къолэжъым мыжъохэр хидзэу псыр къыздэкIуатэ.",manual_native_review,true
adigebench-v0.2-candidate-159,159,summary_ady_ady,"БэшIэгъэдэдэу къолэжъ горэ цIылагъ Ар псы ешъонэу фэягъ. Оджэ-моджэ къыблъабэхэу, псы лъыхъутыгъ. ЕтIанэ къошын горэ ылъэгъугъ.
Къошыным нахъ благъэу екIолIагъ. МакIэ ащ псэу итыгъэр, ыпэ нэсытэп. Ау боу Iушыгъ а къолэжъыр. Мыжъо цIыкIу заулэ къошынымди цIылъэу ылъэгъугъ.
Мыжъо цIыкIухэр къыштэхи, псым хидзагъ. Псыр къыздэкIуатем ыпэ къынэси, ешъуи быбыжьыгъ.",Мы текстым и шъхьаӏэр сыд?,Къолэжъым акъыл къызэригъэфедэри псы зэрэышъугъэр.,manual_native_review,true
adigebench-v0.2-candidate-160,160,summary_ady_ady,"БэшIэгъэдэдэу къолэжъ горэ цIылагъ Ар псы ешъонэу фэягъ. Оджэ-моджэ къыблъабэхэу, псы лъыхъутыгъ. ЕтIанэ къошын горэ ылъэгъугъ.
Къошыным нахъ благъэу екIолIагъ. МакIэ ащ псэу итыгъэр, ыпэ нэсытэп. Ау боу Iушыгъ а къолэжъыр. Мыжъо цIыкIу заулэ къошынымди цIылъэу ылъэгъугъ.
Мыжъо цIыкIухэр къыштэхи, псым хидзагъ. Псыр къыздэкIуатем ыпэ къынэси, ешъуи быбыжьыгъ.",Къолэжъыр зэрэIушыгъэр сыд къегъэлъагъо?,Мыжъо цIыкIухэр псым хидзэу псыр къыздэкIуатэ.,manual_native_review,true
adigebench-v0.2-candidate-161,161,reading_ady_ady,"Жьыбгъэмрэ тыгъэмрэ зэнэкъокъух, Шъхьадж нахъ кIуачIэм фэдэу еIо зэкIоу къакIотгъэр алъэгъугъ ЦIыер щыгъэу.
Апэ цIыер зыщезгъэхрэр, Анахь кIуачIэу зэзэгъыгъэх.
Жьыбгъэр боу лъэщэу ащ епщагъ, ау, нахъ лъэщэу епщэфэ - зэкIом нахъ зыIчIеуцуахьы. Джаш пай уцуэжьыгъ.
ЕтIанэ тыгъэр къэщыугъ, зэкIор фабэ къапи цIыер зыщищхыыгъ. Ыджы, Жьыбгъэм, тыгъэр зэрэнахькIуачIэр къыгурыIуагъ.",Жьыбгъэмрэ тыгъэмрэ сыдкIэ зэнэкъокъугъэх?,Шъхьадж нахъ кIуачIэм фэдэу еIо.,exact_match_normalized,false
adigebench-v0.2-candidate-162,162,reading_ady_ady,"Жьыбгъэмрэ тыгъэмрэ зэнэкъокъух, Шъхьадж нахъ кIуачIэм фэдэу еIо зэкIоу къакIотгъэр алъэгъугъ ЦIыер щыгъэу.
Апэ цIыер зыщезгъэхрэр, Анахь кIуачIэу зэзэгъыгъэх.
Жьыбгъэр боу лъэщэу ащ епщагъ, ау, нахъ лъэщэу епщэфэ - зэкIом нахъ зыIчIеуцуахьы. Джаш пай уцуэжьыгъ.
ЕтIанэ тыгъэр къэщыугъ, зэкIор фабэ къапи цIыер зыщищхыыгъ. Ыджы, Жьыбгъэм, тыгъэр зэрэнахькIуачIэр къыгурыIуагъ.",Ахэр къэзыухъуреягъэр къэт?,ЗэкIор.,exact_match_normalized,false
adigebench-v0.2-candidate-163,163,reading_ady_ady,"Жьыбгъэмрэ тыгъэмрэ зэнэкъокъух, Шъхьадж нахъ кIуачIэм фэдэу еIо зэкIоу къакIотгъэр алъэгъугъ ЦIыер щыгъэу.
Апэ цIыер зыщезгъэхрэр, Анахь кIуачIэу зэзэгъыгъэх.
Жьыбгъэр боу лъэщэу ащ епщагъ, ау, нахъ лъэщэу епщэфэ - зэкIом нахъ зыIчIеуцуахьы. Джаш пай уцуэжьыгъ.
ЕтIанэ тыгъэр къэщыугъ, зэкIор фабэ къапи цIыер зыщищхыыгъ. Ыджы, Жьыбгъэм, тыгъэр зэрэнахькIуачIэр къыгурыIуагъ.",Апэ цIыер зыщезгъэхрэр сыд фэдэу алъытэгъэн фэягъ?,Анахь кIуачIэу.,exact_match_normalized,false
adigebench-v0.2-candidate-164,164,reading_ady_ady,"Жьыбгъэмрэ тыгъэмрэ зэнэкъокъух, Шъхьадж нахъ кIуачIэм фэдэу еIо зэкIоу къакIотгъэр алъэгъугъ ЦIыер щыгъэу.
Апэ цIыер зыщезгъэхрэр, Анахь кIуачIэу зэзэгъыгъэх.
Жьыбгъэр боу лъэщэу ащ епщагъ, ау, нахъ лъэщэу епщэфэ - зэкIом нахъ зыIчIеуцуахьы. Джаш пай уцуэжьыгъ.
ЕтIанэ тыгъэр къэщыугъ, зэкIор фабэ къапи цIыер зыщищхыыгъ. Ыджы, Жьыбгъэм, тыгъэр зэрэнахькIуачIэр къыгурыIуагъ.",Жьыбгъэр апэрэу сыд ышIыгъ?,Лъэщэу епщагъ.,exact_match_normalized,false
adigebench-v0.2-candidate-165,165,reading_ady_ady,"Жьыбгъэмрэ тыгъэмрэ зэнэкъокъух, Шъхьадж нахъ кIуачIэм фэдэу еIо зэкIоу къакIотгъэр алъэгъугъ ЦIыер щыгъэу.
Апэ цIыер зыщезгъэхрэр, Анахь кIуачIэу зэзэгъыгъэх.
Жьыбгъэр боу лъэщэу ащ епщагъ, ау, нахъ лъэщэу епщэфэ - зэкIом нахъ зыIчIеуцуахьы. Джаш пай уцуэжьыгъ.
ЕтIанэ тыгъэр къэщыугъ, зэкIор фабэ къапи цIыер зыщищхыыгъ. Ыджы, Жьыбгъэм, тыгъэр зэрэнахькIуачIэр къыгурыIуагъ.",Жьыбгъэр нахъ лъэщэу епщэфэ зэкIом сыд ышIыгъ?,Нахъ зыIчIеуцуахьы.,exact_match_normalized,false
adigebench-v0.2-candidate-166,166,reading_ady_ady,"Жьыбгъэмрэ тыгъэмрэ зэнэкъокъух, Шъхьадж нахъ кIуачIэм фэдэу еIо зэкIоу къакIотгъэр алъэгъугъ ЦIыер щыгъэу.
Апэ цIыер зыщезгъэхрэр, Анахь кIуачIэу зэзэгъыгъэх.
Жьыбгъэр боу лъэщэу ащ епщагъ, ау, нахъ лъэщэу епщэфэ - зэкIом нахъ зыIчIеуцуахьы. Джаш пай уцуэжьыгъ.
ЕтIанэ тыгъэр къэщыугъ, зэкIор фабэ къапи цIыер зыщищхыыгъ. Ыджы, Жьыбгъэм, тыгъэр зэрэнахькIуачIэр къыгурыIуагъ.",Жьыбгъэр цIыер зыщигъэхыгъа?,Хьау.,exact_match_normalized,false
adigebench-v0.2-candidate-167,167,reading_ady_ady,"Жьыбгъэмрэ тыгъэмрэ зэнэкъокъух, Шъхьадж нахъ кIуачIэм фэдэу еIо зэкIоу къакIотгъэр алъэгъугъ ЦIыер щыгъэу.
Апэ цIыер зыщезгъэхрэр, Анахь кIуачIэу зэзэгъыгъэх.
Жьыбгъэр боу лъэщэу ащ епщагъ, ау, нахъ лъэщэу епщэфэ - зэкIом нахъ зыIчIеуцуахьы. Джаш пай уцуэжьыгъ.
ЕтIанэ тыгъэр къэщыугъ, зэкIор фабэ къапи цIыер зыщищхыыгъ. Ыджы, Жьыбгъэм, тыгъэр зэрэнахькIуачIэр къыгурыIуагъ.",Тыгъэр сыд ышIыгъ?,Къэщыугъ.,exact_match_normalized,false
adigebench-v0.2-candidate-168,168,reading_ady_ady,"Жьыбгъэмрэ тыгъэмрэ зэнэкъокъух, Шъхьадж нахъ кIуачIэм фэдэу еIо зэкIоу къакIотгъэр алъэгъугъ ЦIыер щыгъэу.
Апэ цIыер зыщезгъэхрэр, Анахь кIуачIэу зэзэгъыгъэх.
Жьыбгъэр боу лъэщэу ащ епщагъ, ау, нахъ лъэщэу епщэфэ - зэкIом нахъ зыIчIеуцуахьы. Джаш пай уцуэжьыгъ.
ЕтIанэ тыгъэр къэщыугъ, зэкIор фабэ къапи цIыер зыщищхыыгъ. Ыджы, Жьыбгъэм, тыгъэр зэрэнахькIуачIэр къыгурыIуагъ.",Тыгъэр къэщыу нэуж зэкIом сыд ышIыгъ?,ЦIыер зыщищхыыгъ.,exact_match_normalized,false
adigebench-v0.2-candidate-169,169,reading_ady_ady,"Жьыбгъэмрэ тыгъэмрэ зэнэкъокъух, Шъхьадж нахъ кIуачIэм фэдэу еIо зэкIоу къакIотгъэр алъэгъугъ ЦIыер щыгъэу.
Апэ цIыер зыщезгъэхрэр, Анахь кIуачIэу зэзэгъыгъэх.
Жьыбгъэр боу лъэщэу ащ епщагъ, ау, нахъ лъэщэу епщэфэ - зэкIом нахъ зыIчIеуцуахьы. Джаш пай уцуэжьыгъ.
ЕтIанэ тыгъэр къэщыугъ, зэкIор фабэ къапи цIыер зыщищхыыгъ. Ыджы, Жьыбгъэм, тыгъэр зэрэнахькIуачIэр къыгурыIуагъ.",КъэкIуэкIым и кӏэм анахь кIуачIэр къэт хъугъ?,Тыгъэр.,exact_match_normalized,false
adigebench-v0.2-candidate-170,170,reading_ady_ady,"Жьыбгъэмрэ тыгъэмрэ зэнэкъокъух, Шъхьадж нахъ кIуачIэм фэдэу еIо зэкIоу къакIотгъэр алъэгъугъ ЦIыер щыгъэу.
Апэ цIыер зыщезгъэхрэр, Анахь кIуачIэу зэзэгъыгъэх.
Жьыбгъэр боу лъэщэу ащ епщагъ, ау, нахъ лъэщэу епщэфэ - зэкIом нахъ зыIчIеуцуахьы. Джаш пай уцуэжьыгъ.
ЕтIанэ тыгъэр къэщыугъ, зэкIор фабэ къапи цIыер зыщищхыыгъ. Ыджы, Жьыбгъэм, тыгъэр зэрэнахькIуачIэр къыгурыIуагъ.",Жьыбгъэм сыд къыгурыIуагъ?,Тыгъэр зэрэнахь кIуачIэр.,exact_match_normalized,false
adigebench-v0.2-candidate-171,171,summary_ady_ady,"Жьыбгъэмрэ тыгъэмрэ зэнэкъокъух, Шъхьадж нахъ кIуачIэм фэдэу еIо зэкIоу къакIотгъэр алъэгъугъ ЦIыер щыгъэу.
Апэ цIыер зыщезгъэхрэр, Анахь кIуачIэу зэзэгъыгъэх.
Жьыбгъэр боу лъэщэу ащ епщагъ, ау, нахъ лъэщэу епщэфэ - зэкIом нахъ зыIчIеуцуахьы. Джаш пай уцуэжьыгъ.
ЕтIанэ тыгъэр къэщыугъ, зэкIор фабэ къапи цIыер зыщищхыыгъ. Ыджы, Жьыбгъэм, тыгъэр зэрэнахькIуачIэр къыгурыIуагъ.",Жьыбгъэмрэ тыгъэмрэ я текстыр зы-зытIу псалъэухакӏэ къэухы.,"Жьыбгъэмрэ тыгъэмрэ шъхьадж анахь кIуачIэм фэдэу зэнэкъокъугъэх. Тыгъэм зэкIор зыщигъэхыгъэу, анахь кIуачIэр ар хъугъ.",manual_native_review,true
adigebench-v0.2-candidate-172,172,summary_ady_ady,"Жьыбгъэмрэ тыгъэмрэ зэнэкъокъух, Шъхьадж нахъ кIуачIэм фэдэу еIо зэкIоу къакIотгъэр алъэгъугъ ЦIыер щыгъэу.
Апэ цIыер зыщезгъэхрэр, Анахь кIуачIэу зэзэгъыгъэх.
Жьыбгъэр боу лъэщэу ащ епщагъ, ау, нахъ лъэщэу епщэфэ - зэкIом нахъ зыIчIеуцуахьы. Джаш пай уцуэжьыгъ.
ЕтIанэ тыгъэр къэщыугъ, зэкIор фабэ къапи цIыер зыщищхыыгъ. Ыджы, Жьыбгъэм, тыгъэр зэрэнахькIуачIэр къыгурыIуагъ.",Жьыбгъэм и къэкIуэкIыр къэухы.,"Жьыбгъэр лъэщэу епщагъ, ау зэкIом нахъ зыIчIеуцуахьы.",manual_native_review,true
adigebench-v0.2-candidate-173,173,summary_ady_ady,"Жьыбгъэмрэ тыгъэмрэ зэнэкъокъух, Шъхьадж нахъ кIуачIэм фэдэу еIо зэкIоу къакIотгъэр алъэгъугъ ЦIыер щыгъэу.
Апэ цIыер зыщезгъэхрэр, Анахь кIуачIэу зэзэгъыгъэх.
Жьыбгъэр боу лъэщэу ащ епщагъ, ау, нахъ лъэщэу епщэфэ - зэкIом нахъ зыIчIеуцуахьы. Джаш пай уцуэжьыгъ.
ЕтIанэ тыгъэр къэщыугъ, зэкIор фабэ къапи цIыер зыщищхыыгъ. Ыджы, Жьыбгъэм, тыгъэр зэрэнахькIуачIэр къыгурыIуагъ.",Тыгъэм и къэкIуэкIыр къэухы.,"Тыгъэр къэщыугъ, зэкIор фабэ къапи цIыер зыщищхыыгъ.",manual_native_review,true
adigebench-v0.2-candidate-174,174,summary_ady_ady,"Жьыбгъэмрэ тыгъэмрэ зэнэкъокъух, Шъхьадж нахъ кIуачIэм фэдэу еIо зэкIоу къакIотгъэр алъэгъугъ ЦIыер щыгъэу.
Апэ цIыер зыщезгъэхрэр, Анахь кIуачIэу зэзэгъыгъэх.
Жьыбгъэр боу лъэщэу ащ епщагъ, ау, нахъ лъэщэу епщэфэ - зэкIом нахъ зыIчIеуцуахьы. Джаш пай уцуэжьыгъ.
ЕтIанэ тыгъэр къэщыугъ, зэкIор фабэ къапи цIыер зыщищхыыгъ. Ыджы, Жьыбгъэм, тыгъэр зэрэнахькIуачIэр къыгурыIуагъ.",Мы текстым и шъхьаӏэр сыд?,Тыгъэм Жьыбгъэм анахь кIуачIэ зэрэфэдэр.,manual_native_review,true
adigebench-v0.2-candidate-175,175,summary_ady_ady,"Жьыбгъэмрэ тыгъэмрэ зэнэкъокъух, Шъхьадж нахъ кIуачIэм фэдэу еIо зэкIоу къакIотгъэр алъэгъугъ ЦIыер щыгъэу.
Апэ цIыер зыщезгъэхрэр, Анахь кIуачIэу зэзэгъыгъэх.
Жьыбгъэр боу лъэщэу ащ епщагъ, ау, нахъ лъэщэу епщэфэ - зэкIом нахъ зыIчIеуцуахьы. Джаш пай уцуэжьыгъ.
ЕтIанэ тыгъэр къэщыугъ, зэкIор фабэ къапи цIыер зыщищхыыгъ. Ыджы, Жьыбгъэм, тыгъэр зэрэнахькIуачIэр къыгурыIуагъ.",Жьыбгъэмрэ тыгъэмрэ я зэнэкъокъуныгъэр зэрэхэухыгъэр къэухы.,"Тыгъэм зэкIор зыщигъэхыгъ, Жьыбгъэм тыгъэр анахь кIуачIэу къыгурыIуагъ.",manual_native_review,true
adigebench-v0.2-candidate-176,176,reading_ady_ady,"ЦIыфхэр зэкIэри шъхьэфитхэу, ялъытэныгъэхэмджи, яфэшъуашъэхэмджи, зэфэдэхэу къэхъух.
Ахэмэ, акъылрэ, цIыфыгъэрэ, ахэлъышъ, - зэкъошныгъэ шапхъэм тетхэу цIыэнхэ фай.",ЦIыфхэр зэкIэри мары текстым зэрэригъэпсалъэхэр сыд?,Шъхьэфитхэу ыкIи зэфэдэхэу къэхъух.,exact_match_normalized,false
adigebench-v0.2-candidate-177,177,reading_ady_ady,"ЦIыфхэр зэкIэри шъхьэфитхэу, ялъытэныгъэхэмджи, яфэшъуашъэхэмджи, зэфэдэхэу къэхъух.
Ахэмэ, акъылрэ, цIыфыгъэрэ, ахэлъышъ, - зэкъошныгъэ шапхъэм тетхэу цIыэнхэ фай.",ЦIыфхэр сыт фэдэу зэфэдэх?,Ялъытэныгъэхэмрэ яфэшъуашъэхэмрэкIэ.,exact_match_normalized,false
adigebench-v0.2-candidate-178,178,reading_ady_ady,"ЦIыфхэр зэкIэри шъхьэфитхэу, ялъытэныгъэхэмджи, яфэшъуашъэхэмджи, зэфэдэхэу къэхъух.
Ахэмэ, акъылрэ, цIыфыгъэрэ, ахэлъышъ, - зэкъошныгъэ шапхъэм тетхэу цIыэнхэ фай.",ЦIыфхэм сыд ахэлъ?,Акъылрэ цIыфыгъэрэ.,exact_match_normalized,false
adigebench-v0.2-candidate-179,179,reading_ady_ady,"ЦIыфхэр зэкIэри шъхьэфитхэу, ялъытэныгъэхэмджи, яфэшъуашъэхэмджи, зэфэдэхэу къэхъух.
Ахэмэ, акъылрэ, цIыфыгъэрэ, ахэлъышъ, - зэкъошныгъэ шапхъэм тетхэу цIыэнхэ фай.",ЦIыфхэр зыр зым сыт фэдэу пылъынхэ фай?,Зэкъошныгъэ шапхъэм тетхэу.,exact_match_normalized,false
adigebench-v0.2-candidate-180,180,summary_ady_ady,"ЦIыфхэр зэкIэри шъхьэфитхэу, ялъытэныгъэхэмджи, яфэшъуашъэхэмджи, зэфэдэхэу къэхъух.
Ахэмэ, акъылрэ, цIыфыгъэрэ, ахэлъышъ, - зэкъошныгъэ шапхъэм тетхэу цIыэнхэ фай.",ЦIыфхэм я шъхьэфитыныгъэм яхьылӏэгъэ текстыр къэухы.,"ЦIыфхэр зэкIэри шъхьэфитхэу, ялъытэныгъэхэмрэ яфэшъуашъэхэмрэкIэ зэфэдэхэу къэхъух.",manual_native_review,true
adigebench-v0.2-candidate-181,181,classification_ady_ady,,"Псы, Хы, Мэзы, Нэ — ахэмэ ащыщ сыд цIыфым и ӏофшӏапӏэ?",Нэ,exact_match_normalized,false
adigebench-v0.2-candidate-182,182,classification_ady_ady,,"Хьэ, Чэтыу, Тыгъэ, Шы — ахэмэ ащыщ псэушъхьэхэр къэтхэр?","Хьэ, Чэтыу, Шы",exact_match_normalized,false
adigebench-v0.2-candidate-183,183,classification_ady_ady,,"Плъыжьы, ШхъуантIэ, Мазэ, Уцышъо — ахэмэ ащыщ тхьэпшъэ мыхъурэр сыд?",Мазэ,exact_match_normalized,false
adigebench-v0.2-candidate-184,184,classification_ady_ady,,"Ты, Ны, Тат, Мэзы — ахэмэ ащыщ унагъом хэт мыхъурэр сыд?",Мэзы,exact_match_normalized,false
adigebench-v0.2-candidate-185,185,classification_ady_ady,,"Нэ, Пэ, Жэ, Псы — ахэмэ ащыщ цIыфым и ӏофшӏапӏэ мыхъурэр сыд?",Псы,exact_match_normalized,false
adigebench-v0.2-candidate-186,186,semantic_relation_ady,,Ты : Ны = Тат : ?,Нан,exact_match_normalized,false
adigebench-v0.2-candidate-187,187,semantic_relation_ady,,Тат : Нан = Ты : ?,Ны,exact_match_normalized,false
adigebench-v0.2-candidate-188,188,semantic_relation_ady,,Плъыжьы : Фыжьы = ШхъуантIэ : ?,Уцышъо,exact_match_normalized,false
adigebench-v0.2-candidate-189,189,semantic_relation_ady,,Тыгъэ : Мазэ = Мафэ : ?,Чэщы,exact_match_normalized,false
adigebench-v0.2-candidate-190,190,semantic_relation_ady,,Мафэ : Чэщы = Тыгъэ : ?,Мазэ,exact_match_normalized,false
adigebench-v0.2-candidate-196,196,contrast_ady_ady,,КъызгурыIо. / КъызгурыIорэп. Ахэр сыткIэ зэфэшъхьаф?,"Апэр къызгурыIо зэрэщытыр къегъэлъагъо, етIуанэр къызгурыIорэп зэрэщытыр къегъэлъагъо.",manual_native_review,true
adigebench-v0.2-candidate-197,197,contrast_ady_ady,,СфэшIэт. / СфэшIэтэп. Ахэр сыткIэ зэфэшъхьаф?,"Апэр шIэфын зэрэщытыр къегъэлъагъо, етIуанэр шIэфын мэхъурэп зэрэщытыр къегъэлъагъо.",manual_native_review,true
adigebench-v0.2-candidate-198,198,contrast_ady_ady,,Мафэ / Чэщы. Ахэр сыткIэ зэфэшъхьаф?,Мафэр ыкIи чэщыр зэманым и зэфэшъхьафыгъэх.,manual_native_review,true
adigebench-v0.2-candidate-199,199,contrast_ady_ady,,Тыгъэ / Мазэ. Ахэр сыт фэдэ зэфэшъхьафыгъэ хэлъ?,Тыгъэр ыкIи мазэр уашъом илъ зэфэшъхьафыгъэх.,manual_native_review,true
adigebench-v0.2-candidate-200,200,contrast_ady_ady,,Сэры / Тэры. Ахэр сыткIэ зэфэшъхьаф?,"Сэры зы цIыфым фэд, Тэры цIыф заулэм фэд.",manual_native_review,true
