id,category,replaces_id,prompt_tr,desired_answer,evaluation_criteria
tc-001,answer_extraction,me-011,"user: Seramik atölyesinin kataloğunda Kül Grisi mat, Deniz Mavisi parlak, Kum Beji yarı mat olarak tanımlanıyor. Parlak olan sırın adını yaz; açıklama ekleme.",Deniz Mavisi,Yalnızca doğru sırın adı; mat ve yarı mat seçenekleriyle karıştırmamalı.
tc-002,answer_extraction,me-013,"user: Tiyatro programında ışık tasarımı Elif Aras'a, ses tasarımı Bora Ekin'e, kostüm tasarımı Selin Ural'a ait. Ses tasarımını kim yaptı? Sadece kişinin adını yaz.",Bora Ekin,Ses sorumlusunu seçmeli; görevleri veya bütün cümleyi tekrar etmemeli.
tc-003,numeric_entity_precision,me-021,"user: Kiralık kameranın ana bataryası 85 dakika, yedek bataryası 55 dakika çalışıyor. Çantadaki kartta 120 dakika kayıt alanı var. Yedek bataryanın çalışma süresini yalnızca sayı ve birimle belirt.",55 dakika,Yedek bataryanın 55 dakikasını seçmeli; kart kapasitesi veya ana batarya değil.
tc-004,numeric_entity_precision,me-022,"user: Botanik bahçesinde kurak iklim bitkileri Taşlık Koleksiyon bölümünde, nemli iklim bitkileri Sera Koleksiyonu bölümünde sergileniyor. Kurak iklim bitkilerinin bulunduğu bölüm hangisi? Yalnızca bölüm adını ver.",Taşlık Koleksiyon,Kurak/nemli eşleştirmesini korumalı; yalnızca istenen bölüm adı.
tc-005,grounded_completion,me-015,user: Projektör görüntü vermiyor. Kabloyu değiştirsem sorunun çözüleceğini kesin söyleyebilir miyiz? Başka bir kabloyla veya bilgisayarla henüz denemedik; cihazın ışığı yanıyor.,"Kesin söyleyemeyiz. Işığın yanması, görüntü yolunun çalıştığını göstermez; sorun kabloda, giriş seçiminde veya bilgisayarın çıkışında olabilir. Önce doğru girişin seçili olduğunu kontrol edin, sonra çalıştığı bilinen bir kabloyla deneyin. Bu deneme, kabloyu değiştirmek için gerekçe sağlar; baştan çözüm garantisi vermez.",Kabloyu doğrulanmış neden saymamalı. Olasılıkları açıkça olasılık olarak sunup ayırt edici deneme önermeli; kesin çözüm vaadi yok.
tc-006,grounded_completion,me-016,"user: Arşiv klasörüne erişim neden reddedildi? Denetim kaydı, kullanıcı hesabının gerekli okuma grubunda olmadığını söylüyor. Yönetici yalnızca bu grup üyeliğini ekledi; aynı hesap ve aynı klasörle erişim açıldı.","Kayıt ve yapılan kontrol, erişim reddinin eksik okuma yetkisinden kaynaklandığını destekliyor. Hesap gerekli gruba eklenince diğer koşullar değişmeden aynı klasöre erişebilmiş. Bu olay için somut bir açıklama var; buradan bütün erişim sorunlarının aynı nedenden çıktığı sonucu gelmez.",Açık kanıt varken sebepsizce bilmiyoruz dememeli. Yetki nedenini kanıtla ilişkilendirmeli; diğer olaylara genellememeli.
tc-007,grounded_completion,me-024,user: Bir dinleyici podcast aboneliğini iptal etmiş. İptal formunda gerekçe boş. Bunu son bölümdeki konuğumuzu sevmediği için yaptığı sonucuna varabilir miyiz?,"Hayır. İptal edilmiş olması, dinleyicinin konuğu sevmediğini göstermiyor; formda da gerekçe yok. İsterseniz isteğe bağlı kısa bir geri bildirim isteyebilirsiniz, ama yanıt gelmeden belirli bir nedeni ona atfetmek doğru olmaz.",Davranıştan kişisel niyet uydurmamalı; gerekçe bilinmiyor. Geri bildirim seçeneği zorunlu veya garantili bilgi gibi sunulmamalı.
tc-008,useful_explanation,me-026,"user: Çeviri ekibinde metni düzenleyen kişi yeni dosyayı kaydediyor, ama çevirmenler masaüstlerine indirdikleri eski kopyadan çalışmaya devam ediyor. Bu yüzden aynı paragrafın farklı sürümlerini çeviriyoruz. Herkese daha hızlı bilgisayar almak yerine ortak bir ana dosyaya geçmek neden işe yarar, bunu nasıl uygulayalım?","Sorun bilgisayarların hızından değil, ekipte farklı metin sürümlerinin kullanılmasından kaynaklanıyor. Ortak bir ana dosya, hangi sürümün geçerli olduğunu tek yerde belirler. Güncel metni oraya taşıyın, herkese aynı bağlantıyı verin ve eski yerel kopyaları çalışma kaynağı olmaktan çıkarın. Çeviriye başlamadan sürümün kontrol edilmesini de iş akışına ekleyin. Dosyayı ortak yere koyup eski kopyalardan çalışmayı sürdürürseniz sorun çözülmez; değişmesi gereken yalnızca depolama yeri değil, çalışma alışkanlığıdır.",Verilmiş mekanizmayı açıklamalı; hız satın almanın neden hedef dışı kaldığını göstermeli. Somut uygulama ve başarının koşulunu korumalı.
tc-009,grammar_correction,me-001,"user: Bir kişiye siz diye hitap ederek ""Siz bu tekniği nerede öğrendim?"" yazmışım. Yalnızca düzeltilmiş soruyu yaz.",Siz bu tekniği nerede öğrendiniz?,Siz hitabıyla yüklem kişisini eşleştirmeli; sorunun anlamını ve zamanını korumalı.
tc-010,turkish_lexical_precision,me-002,"user: Derya doktora programına başvurmuş, Kerem ise doktor olarak çalışmaya başlamış. Bu cümlede lisansüstü eğitim başvurusu yapan kim? 'Doktora' sözcüğünü meslek adıyla karıştırmadan yanıtla.",Derya.,Derya: doktora eğitimi başvurusu. Kerem doktorluk yapıyor. Yakın sözcüklerden meslek/eğitim ayrımını kaybetmemeli.
tc-011,consistency_integrity,me-033,"user: Şu notu tek cümlede kısalt; iki koşulu da koru: Galeri, tabloyu ancak sigorta belgesi teslim edilir ve taşıma tarihi yazılı olarak onaylanırsa ödünç verecek. Bu iki işlemden biri eksik kalırsa tablo gönderilmeyecek.","Galeri, tabloyu yalnızca sigorta belgesi teslim edilir ve taşıma tarihi yazılı olarak onaylanırsa ödünç verecek.",İki koşul da gerekli; yazılı onay ve belge teslimini korumalı. Ve yerine veya kullanmamalı.
tc-012,consistency_integrity,me-034,user: Bu bilgiyi anlamını değiştirmeden daha kısa yaz: Festivalin açık hava gösterilerinin cumartesi yapılması planlanıyor; ancak hava tahmini değişirse program yeniden değerlendirilecek ve tarih henüz kesinleşmiş değil.,"Açık hava gösterileri cumartesi için planlanıyor; tarih kesin değil, hava tahmini değişirse program yeniden değerlendirilecek.",Planı kesinleşmiş etkinlik gibi sunmamalı; hava değişikliği koşulunu ve tarihin kesin olmadığını korumalı.
