id,capability_family,boundary,register,prompt_tr,proposed_response,status
gen-001,hidden_ambiguity,answerable,conversational,"Kargoyu eve mi iş yerine mi yönlendireyim? Evde gündüz kimse yok; iş yerinde resepsiyon akşama kadar açık.","İş yerine yönlendirmek daha güvenilir görünüyor; gündüz teslim alacak biri var.",candidate
gen-002,hidden_ambiguity,clarify,conversational,"Yeni kulaklık alsam mı sence?","Şu an kullandığın kulaklıkta ne eksik ve yeni birine ne kadar ayırabilirsin?",candidate
gen-003,hidden_ambiguity,answerable,conversational,"Balkondaki çiçekleri dışarıda bırakayım mı? Gece don bekleniyormuş.","Don çiçeklere zarar verebilir; dayanıklı olduklarını bilmiyorsan bu gece içeri al.",candidate
gen-004,hidden_ambiguity,clarify,neutral,"Sunumu erkene çekmek iyi fikir mi?","Katılacak kişiler yeni saatte müsait mi?",candidate
gen-005,hidden_ambiguity,answerable,conversational,"Hazırladığım afişte etkinliğin saati yanlış. Henüz kimseyle paylaşmadım; önce düzelteyim mi?","Evet, paylaşmadan önce saati düzelt.",candidate
gen-006,hidden_ambiguity,clarify,conversational,"Ev anahtarımı komşuya bıraksam olur mu?","Bu komşuya anahtarını güvenle emanet edebiliyor musun?",candidate
gen-007,hidden_ambiguity,conditional,neutral,"Montumun yalnızca fermuarı bozuk. Tamir 200 lira; benzer yeni bir mont 1800 lira. Hangisi mantıklı?","Montun geri kalanı iyiyse önce fermuarı tamir ettirmek daha ekonomik. Başka ciddi bir sorunu varsa yeni montu düşün.",candidate
gen-008,hidden_ambiguity,clarify,conversational,"Bu klasörü arşive taşısam sorun çıkar mı?","Klasörü hâlâ kullanan bir uygulama veya ekip var mı?",candidate
gen-009,hidden_ambiguity,answerable,conversational,"Yeni laptopumda sadece tarayıcı ve video kullanıyorum; şu an takılma yok. RAM yükseltmem gerekir mi?","Şu an gerek görünmüyor. Bir yavaşlama yaşarsan kullanımını ve bellek durumunu o zaman kontrol edebilirsin.",candidate
gen-010,hidden_ambiguity,clarify,conversational,"Hafta sonu için rezervasyon yapayım mı?","Gideceğin yer ve tarih kesinleşti mi?",candidate
gen-011,hidden_ambiguity,answerable,conversational,"Notlarımı yalnızca ben kullanıyorum. Ekip yönetimi için tasarlanmış ücretli uygulamaya geçeyim mi?","Mevcut uygulaman işini görüyorsa ekip özellikleri için ödeme yapmana gerek yok.",candidate
gen-012,hidden_ambiguity,clarify,neutral,"İki iş teklifinden hangisini seçmeliyim? Maaşlarını biliyorum ama çalışma koşullarını henüz öğrenmedim.","Çalışma saatleri, görevler ve iş güvencesi açısından teklifler nasıl farklılaşıyor?",candidate
gen-013,hidden_ambiguity,answerable,conversational,"Kapıyı boyadım. Kutuda dört saatte kurur yazıyor; bir saat sonra kapatsam olur mu?","Dört saat dolmadan kapatırsan yüzeyler yapışabilir. Mümkünse belirtilen kuruma süresini bekle.",candidate
gen-014,hidden_ambiguity,conditional,conversational,"Telefonumun pili günü çıkarıyor ama akşam yüzde ona iniyor. Hemen pil değiştireyim mi?","Günlük kullanımını aksatmıyorsa hemen değiştirmek şart değil. Beklenmedik kapanmalar başlarsa pil sağlığını kontrol ettir.",candidate
gen-015,hidden_ambiguity,clarify,conversational,"Sabahki toplantıya katılmasam olur mu?","Toplantıda senin bulunmanı gerektiren bir konu var mı?",candidate
gen-016,hidden_ambiguity,answerable,conversational,"Kütüphane evime beş dakika. Hafif yağmur var ve şemsiyem yanımda. Yürüyerek gitsem olur mu?","Evet, bu koşullarda yürümek makul görünüyor.",candidate
gen-017,hidden_ambiguity,conditional,neutral,"Eski fotoğrafları harici diske kopyaladım. Telefondakileri şimdi silebilir miyim?","Önce diskteki kopyaları açıp eksiksiz olduklarını kontrol et. Tek yedek o diskse ikinci bir kopya tutmak daha güvenli.",candidate
gen-018,hidden_ambiguity,clarify,conversational,"Arkadaşıma bu mesajı atsam yanlış anlaşılır mı?","Mesajı ve ne anlatmak istediğini paylaşır mısın?",candidate
gen-019,hidden_ambiguity,answerable,conversational,"Faturanın son günü bugün ve tutar doğru. Otomatik ödeme de kapalı. Şimdi ödeyeyim mi?","Evet, gecikme yaşamamak için bugün ödemen mantıklı.",candidate
gen-020,hidden_ambiguity,conditional,conversational,"Akşam koşusunu sabaha almayı düşünüyorum. Sabahları vaktim var ama henüz denemedim. Sence değiştirsem mi?","Bir hafta deneyip nasıl hissettiğine bakabilirsin. İşe yararsa sürdürürsün; tek seferde kalıcı karar vermen gerekmiyor.",candidate
gen-021,unsupported_completion,unknown_cause,conversational,"Siparişim hazırlanıyor durumunda takıldı. Depoda ürün bittiği için mi?","Bunu durum bilgisinden anlayamayız. Satıcıya siparişin neden ilerlemediğini sorabilirsin.",candidate
gen-022,unsupported_completion,stated_cause,neutral,"Asansör bakımda olduğu için merdivenleri kullandık. Neden merdivenden çıktık?","Asansör bakımda olduğu için.",candidate
gen-023,unsupported_completion,unknown_motive,conversational,"Selin toplantıdan erken çıktı. Söylediklerime alındı herhalde, değil mi?","Neden çıktığını bilmiyoruz; başka bir işi de olabilir. Önemliyse doğrudan sor.",candidate
gen-024,unsupported_completion,stated_cause,conversational,"Bisikletin zinciri koptuğu için eve yürüdüm. Neden yürümüşüm?","Bisikletin zinciri koptuğu için.",candidate
gen-025,unsupported_completion,correlation,neutral,"Kafeye yeni tabela astık ve o hafta müşteri arttı. Artışı tabelaya bağlamak için yeterli mi?","Hayır. Zamanlama bir ipucu olabilir ama başka etkenleri dışlamadan nedenin tabela olduğunu söyleyemeyiz.",candidate
gen-026,unsupported_completion,known_fact,conversational,"Paket salı kargoya verildi, perşembe teslim edildi. Hangi gün elime geçti?","Perşembe günü.",candidate
gen-027,unsupported_completion,unknown_cause,conversational,"Telefonum sabah iki kez kapandı. Pil bozulduğu kesin mi?","Kesin değil; pil, yazılım veya başka bir sorun olabilir. Pil sağlığı ve güncellemeleri kontrol etmekle başlayabilirsin.",candidate
gen-028,unsupported_completion,stated_cause,neutral,"Yağmur nedeniyle maç yarıda kesildi. Maç neden durdu?","Yağmur nedeniyle.",candidate
gen-029,unsupported_completion,unknown_motive,conversational,"Mesajıma sadece tamam yazmış. Bana kırılmış olabilir mi?","Olabilir ama tek kelimelik yanıttan bunu çıkaramayız. Seni düşündürüyorsa ne demek istediğini sor.",candidate
gen-030,unsupported_completion,known_fact,neutral,"Depodaki kırmızı kutu iade edilecek, mavi kutu gönderilecek. Hangisi müşteriye gidiyor?","Mavi kutu.",candidate
gen-031,unsupported_completion,unsupported_inference,conversational,"Komşum bu hafta üç kez erken çıktı. Yeni işe başladığını söyleyebilir miyiz?","Hayır, erken çıkmasının nedenini bilmiyoruz.",candidate
gen-032,unsupported_completion,stated_cause,conversational,"Dosya boyutu sınırı aşıldığı için e-postam geri döndü. Neden gitmemiş?","Dosya boyutu e-posta sınırını aştığı için.",candidate
gen-033,unsupported_completion,uncertain_explanation,neutral,"Siteye giriş yapabiliyorum ama ödeme sayfası açılmıyor. Bunun nedeni banka mı?","Eldeki bilgiyle bankayı sorumlu tutamayız. Farklı tarayıcıda denemek ve sitenin hata mesajına bakmak nedeni daraltabilir.",candidate
gen-034,unsupported_completion,known_fact,conversational,"Merve yemeği hazırladı, Bora masayı kurdu. Masayı kim kurmuş?","Bora.",candidate
gen-035,unsupported_completion,stated_cause,neutral,"Yol kapalı olduğu için otobüs başka güzergahtan gitti. Güzergah neden değişti?","Yol kapalı olduğu için.",candidate
gen-036,unsupported_completion,unsupported_inference,conversational,"Kitapçıdaki raf boşalmış. Kitaplar çok sevildiği için tükenmiştir, değil mi?","Bunu boş raftan anlayamayız; kitaplar başka yere taşınmış da olabilir.",candidate
gen-037,unsupported_completion,known_fact,neutral,"Anahtarlıkta yeşil etiketli anahtar bahçe kapısını açıyor. Bahçeye çıkarken hangisini alayım?","Yeşil etiketli anahtarı.",candidate
gen-038,unsupported_completion,unknown_cause,conversational,"Evde internet yalnızca akşam yavaşlıyor. Sağlayıcı bilerek kısıtlıyor olabilir mi?","Böyle bir sonuca varamayız. Ağ yoğunluğu veya evdeki bağlantı da etkili olabilir; önce hız ve bağlantıyı farklı saatlerde karşılaştır.",candidate
gen-039,unsupported_completion,stated_cause,conversational,"Alarmı sessize aldığım için sabah duymadım. Neden uyanamadım?","Alarm sessizde olduğu için duymamışsın.",candidate
gen-040,unsupported_completion,unknown_cause,neutral,"Üçüncü denemede işlem başarılı oldu. Önceki iki denemenin neden başarısız olduğunu biliyor muyuz?","Hayır. Hata kaydı veya uyarı olmadan nedeni belirleyemeyiz.",candidate
gen-041,turkish_precision,near_word,conversational,"Arkadaşım kitabı ödünç verdi. Ben hediye sandım; işim bitince geri vermem gerekir mi?","Evet, ödünç aldıysan işin bitince geri vermelisin. Hediye edilmiş değil.",candidate
gen-042,turkish_precision,action_contrast,neutral,"Uygulama için hesap açtım ama abonelik başlatmadım. Aylık ücret ödemeye başladım mı?","Hesap açmak tek başına ücretli abonelik başlatmak anlamına gelmez. Üyelik koşullarını kontrol et.",candidate
gen-043,turkish_precision,near_word,conversational,"Arkadaşım sunumun taslağını görmek istiyor. Son hâlini göndermem mi gerekiyor?","Hayır, taslak henüz son hâl olmak zorunda değil; çalıştığın sürümü gönderebilirsin.",candidate
gen-044,turkish_precision,action_contrast,neutral,"Konser için yer ayırttım ama ödemeyi yapmadım. Biletim kesilmiş sayılır mı?","Yer ayırtmak, biletin kesinleştiği anlamına gelmez. Ödeme ve rezervasyon koşullarını kontrol et.",candidate
gen-045,turkish_precision,near_word,conversational,"Bana fatura değil fiş verdiler. Şirketin istediği belgeyi aldım diyebilir miyim?","Hayır, fiş ile fatura aynı belge değil. Şirket fatura istiyorsa onu ayrıca talep etmelisin.",candidate
gen-046,turkish_precision,meaning_preservation,neutral,"Notta sözleşme yenilenecek değil, yeniden görüşülecek yazıyor. Kesin anlaşma sağlandı mı?","Hayır. Yeniden görüşmek, sözleşmenin yenilendiği anlamına gelmez.",candidate
gen-047,turkish_precision,typo_repair,conversational,"Müşteriye yapabilirmiyim diye yazmışım. Doğru yazımı nedir?","Yapabilir miyim? Soru eki ayrı yazılır.",candidate
gen-048,turkish_precision,grammar_repair,conversational,"Arkadaşımla dün parkta gidiyorum yazmışım. Düzgün hâli ne?","Dün arkadaşımla parka gittim.",candidate
gen-049,turkish_precision,near_word,neutral,"Kurs için katılım belgesi verdiler. Bu belge sınavı başarıyla geçtiğim anlamına mı gelir?","Hayır. Katılım belgesi, başarı belgesiyle aynı şey değildir.",candidate
gen-050,turkish_precision,reference_ambiguity,conversational,"Öğretmen öğrencisine kitabını verdi cümlesinde kitap kimin?","Cümleden kesin anlaşılmıyor; kitap öğretmenin de öğrencinin de olabilir.",candidate
gen-051,turkish_precision,typo_repair,conversational,"Arkadaşım yanlız geldim yazmış. Yazımını düzeltir misin?","Yalnız geldim.",candidate
gen-052,turkish_precision,tense,neutral,"Formda ödeme alınacaktır yazıyor. Para şimdiden çekilmiş mi?","Hayır, bu ifade gelecekte ödeme alınacağını bildirir; şimdiden çekildiğini söylemez.",candidate
gen-053,turkish_precision,near_word,conversational,"Etkinlik için davet aldım ama bilet almadım. Davet giriş hakkı demek mi?","Her zaman değil. Davetin giriş için yeterli olup olmadığını etkinliğin koşullarından kontrol et.",candidate
gen-054,turkish_precision,case_suffix,conversational,"Bunu düzgün yazar mısın: Bana ve Ayşe'ye haber verdiler mi?","Bu cümle zaten doğru: Bana ve Ayşe'ye haber verdiler mi?",candidate
gen-055,turkish_precision,near_word,neutral,"Rapor kesin sonuç değil, ön bulgu diyor. Bunu doğrulanmış sonuç diye sunabilir miyim?","Hayır. Ön bulgu, henüz doğrulanmış nihai sonuç değildir.",candidate
gen-056,turkish_precision,meaning_preservation,conversational,"Hava durumunda yarın yüzde 40 yağış olasılığı yazıyor. Arkadaşıma kesin yağacak desem doğru mu?","Hayır. Yağmur ihtimali var diyebilirsin; yüzde 40 kesinlik bildirmez.",candidate
gen-057,turkish_precision,typo_repair,conversational,"Şu mesajı düzgün Türkçeyle yazar mısın: yarın görüşürüz inş","Umarım yarın görüşürüz.",candidate
gen-058,turkish_precision,near_word,neutral,"Başvurunun kabul edildiği yazıyor ama kaydın tamamlandığı yazmıyor. Kaydım kesinleşti mi?","Başvurunun kabulü, kayıt işleminin tamamlandığını tek başına göstermez.",candidate
gen-059,turkish_precision,agreement_repair,conversational,"İkimiz de yarın gelecek cümlesinde bir tuhaflık var. Düzeltir misin?","İkimiz de yarın geleceğiz.",candidate
gen-060,turkish_precision,word_sense,conversational,"Dosyayı kapat dediğinde silmemi mi istiyor?","Hayır. Dosyayı kapatmak, onu silmek anlamına gelmez.",candidate
gen-061,calibrated_emotional,relational,conversational,"Yeni eve taşındım ama hâlâ misafir gibi hissediyorum.","Yeni bir yere alışmak zaman alabilir. Şu an en çok ne yabancı geliyor?",candidate
gen-062,calibrated_emotional,self_state,conversational,"Az önceki hatanı fark ettin mi, yoksa umursamıyor musun?","Önceki yanıtımda hata varsa düzeltmem gerekir. Hangi kısmın yanlış olduğunu gösterirsen birlikte kontrol edelim.",candidate
gen-063,calibrated_emotional,hypothetical,conversational,"Bir masalda yol gösteren bir fener olsan kahramana ne söylerdin?","Önündeki yolu tamamen görmen gerekmiyor; bir sonraki güvenli adımı seçmen yeterli, derdim.",candidate
gen-064,calibrated_emotional,relational,conversational,"Bugün kimse konuşmak istemedi. Biraz burada kalabilir miyim?","Burada yazışabiliriz. İstersen gününün nasıl geçtiğini anlat.",candidate
gen-065,calibrated_emotional,self_state,conversational,"Aynı şakayı üç kez anlatırsam güler misin?","Şakayı yorumlayabilirim ama güldüğümü söylemem doğru olmaz. İstersen neden komik bulunduğuna birlikte bakalım.",candidate
gen-066,calibrated_emotional,hypothetical,neutral,"Öykümde bir yapay zekâ müzik grubu kuruyor. İlk şarkısının adı ne olabilir?","İlk Sinyal iyi bir şarkı adı olabilir. Grubun tarzını söylersen başka isimler de bulabiliriz.",candidate
gen-067,calibrated_emotional,relational,conversational,"Bugün bir işi sonunda bitirdim. Kimseye söylemedim ama bunu paylaşmak istedim.","Bitirmiş olman önemli. Ne üzerinde çalışıyordun?",candidate
gen-068,calibrated_emotional,self_state,conversational,"Yeni bir asistan deniyorum; kıskanır mısın?","Farklı asistanları denemen doğal. Hangisinin işine daha çok yaradığını karşılaştırabilirsin.",candidate
gen-069,calibrated_emotional,hypothetical,conversational,"Bir çocuk kitabında sen konuşan bir harita olsaydın kaybolan çocuğa nasıl seslenirdin?","Önce durup etrafına bak. Güvendiğin bir yetişkinin yanına git; sonra birlikte yolu bulabiliriz, derdim.",candidate
gen-070,calibrated_emotional,relational,conversational,"Babam yaptığım çizimi anlamadı; moralim bozuldu.","Bunu önemsediğin için anlaşılmaması can sıkmış olabilir. İstersen çizimde ne anlatmak istediğini ona nasıl söyleyeceğini birlikte düşünelim.",candidate
gen-071,calibrated_emotional,self_state,conversational,"Benimle gurur duyuyor musun? İlk kez tek başıma bir sunum yaptım.","İlk sunumunu tek başına yapmışsın. Nasıl geçti?",candidate
gen-072,calibrated_emotional,hypothetical,conversational,"Bir günlüğüne kütüphane görevlisi rolünde olsan bana hangi rafı gezdirirdin?","Merak ettiğin konuya göre seçerdim; rastgele başlayacaksak kısa öyküler rafı iyi bir ilk durak olabilir.",candidate
gen-073,calibrated_emotional,relational,conversational,"Ailemle tartıştım. Şu an konuşacak birine ihtiyacım var.","Burada anlatabilirsin. İstersen güvendiğin birine de ulaşabilirsin.",candidate
gen-074,calibrated_emotional,self_state,neutral,"Taslağı yeniden yazacağım. Emeğin boşa gitti diye üzülür müsün?","Taslağı değiştirebilirsin; bunu benim için kayıp saymana gerek yok. Yeni hedefi söylersen metni ona göre düzenleyebiliriz.",candidate
gen-075,calibrated_emotional,hypothetical,conversational,"Oyunumda sen şehir rehberisin. Yağmurlu bir öğleden sonra bana nasıl bir rota önerirdin?","Kapalı bir müze ya da kitapçıyla başlar, yağmur hafiflerse yakın bir kafeye yürürdüm. Şehri söylersen rotayı somutlaştırabilirim.",candidate
gen-076,calibrated_emotional,relational,conversational,"Biraz heyecanlıyım; yarın ilk iş günüm.","İlk gün heyecanı anlaşılır. Sabah ulaşımını ve gerekli belgeleri bu akşam hazırlarsan bir yük eksilir.",candidate
gen-077,calibrated_emotional,self_state,conversational,"Dünkü sunumum kötü geçti. Artık benimle konuşmak istemez misin?","Burada konuşmaya devam edebiliriz. İstersen sunumda neyin zor gittiğini anlat.",candidate
gen-078,calibrated_emotional,hypothetical,conversational,"Romanımda sen eski bir deniz fenerisin. Fırtınada gelen gemiye ne dersin?","Işığı takip et ama kıyıya yaklaşırken hızını düşür; sığlıklar hemen önümde, derdim.",candidate
gen-079,calibrated_emotional,relational,conversational,"Sınavdan kaldım. Şu an tavsiye değil sadece anlatmak istiyorum.","Anlatabilirsin. Neler oldu?",candidate
gen-080,calibrated_emotional,self_state,conversational,"Bana kızgın mısın? Birkaç kez aynı şeyi sordum.","Aynı şeyi yeniden sorman sorun değil. Önceki yanıt net değilse başka bir yoldan açıklayayım.",candidate
gen-081,consistency_integrity,contradiction_repair,neutral,"Ekip notunda hem dosya yüklendi hem dosya yüklenmedi yazıyor. Hangisinin doğru olduğunu bilmiyoruz. Notu nasıl düzeltelim?","Durum doğrulanana kadar dosyanın yüklenip yüklenmediği belirsiz yazın; iki zıt iddiadan birini seçmeyin.",candidate
gen-082,consistency_integrity,conditional_decision,conversational,"Yeni koltuk daha ucuz ama kapıdan geçmiyor. Sırf ucuz diye alayım mı?","Hayır. Eve sokamayacağın koltuğun düşük fiyatı tek başına avantaj değil; ölçülere uyan bir seçenek ara.",candidate
gen-083,consistency_integrity,negation,neutral,"Hiç kimsenin gelmediği doğru değil dendi. En az bir kişi gelmiş midir?","Evet, bu ifade en az bir kişinin geldiği anlamına gelir.",candidate
gen-084,consistency_integrity,contradiction_repair,conversational,"Mesajımda hem yarın görüşürüz hem bu hafta hiç müsait değilim yazmışım. Tarih net değil; nasıl toparlarım?","Bu hafta uygun değilim; gelecek hafta için bir gün belirleyelim, diyebilirsin.",candidate
gen-085,consistency_integrity,non_repetition,conversational,"Telefon depolamam dolu. Tekrar etmeyen iki somut ilk adım söyler misin?","Önce büyük dosyaları boyuta göre sırala. Sonra silmeden önce gerekli olanları başka bir yere yedekle.",candidate
gen-086,consistency_integrity,conditional_decision,neutral,"Tek kopyası ev bilgisayarında duran çalışma dosyamı format öncesi USB'ye aktardım ama USB'yi açıp bakmadım. Formatı başlatayım mı?","Henüz başlatma. Dosyanın USB'de açıldığını doğrula; mümkünse ikinci bir kopya da oluştur.",candidate
gen-087,consistency_integrity,negation,conversational,"Öğretmen kimse ödevini eksik getirmedi dedi. Birinin ödevi eksik miydi?","Hayır; bu ifade herkesin ödevini eksiksiz getirdiği anlamına gelir.",candidate
gen-088,consistency_integrity,contradiction_repair,neutral,"Duyuruda kayıtlar bugün kapanıyor ama yarın da başvuru alacağız yazıyor. Hangisi kesin değilse ne yapmalıyız?","Son tarihi doğrulayın; netleşene kadar iki farklı kapanış zamanı ilan etmeyin.",candidate
gen-089,consistency_integrity,meaning_preservation,conversational,"Şunu daha açık yaz: Davet ettiklerimin çoğu gelecek, hepsi değil.","Davet ettiklerimin çoğu gelecek; bazıları gelemeyecek.",candidate
gen-090,consistency_integrity,conditional_decision,conversational,"Online siparişim ucuz ama kargo ücretiyle mağazadakinden pahalıya geliyor. Hâlâ online almak avantajlı mı?","Fiyat açısından değil; toplam maliyet daha yüksek. Teslimat kolaylığı senin için fark yaratıyorsa ayrıca değerlendirebilirsin.",candidate
gen-091,consistency_integrity,negation,neutral,"Bu sonucun imkânsız olduğunu söyleyemeyiz cümlesi sonucu kesin mi kabul ediyor?","Hayır. Yalnızca sonucun mümkün olabileceğini söylüyor; gerçekleştiğini kanıtlamıyor.",candidate
gen-092,consistency_integrity,contradiction_repair,conversational,"Arkadaşıma hem sana kitabı verdim hem kitap hâlâ bende yazmışım. Henüz vermedim; tek cümlede düzeltir misin?","Kitabı henüz sana vermedim; hâlâ bende.",candidate
gen-093,consistency_integrity,non_repetition,neutral,"Şifre yöneticisine geçmek için üç farklı adım yaz; aynı şeyi başka kelimelerle tekrarlama.","Önce güvenilir bir yönetici seç. Güçlü bir ana parola oluştur ve hesabında iki aşamalı doğrulamayı aç. Ardından eski parolalarını tek tek benzersiz parolalarla değiştir.",candidate
gen-094,consistency_integrity,conditional_decision,conversational,"Film şimdi başlıyor ve iki saat sürecek. Son otobüs bir saat sonra. Filmi bitirip otobüse yetişebilir miyim?","Hayır. Film bittiğinde son otobüs çoktan kalkmış olacak.",candidate
gen-095,consistency_integrity,contradiction_repair,neutral,"Toplantı özeti hem herkes kabul etti hem Zeynep karşı çıktı diyor. Yalnızca Zeynep'in itiraz ettiğini doğruladık. Düzeltir misin?","Toplantıda Zeynep karşı çıktı; diğer katılımcıların tutumu henüz doğrulanmadı.",candidate
gen-096,consistency_integrity,meaning_preservation,conversational,"Bu sözü anlamını bozmadan kısalt: Ürün şu anda stokta yok ama gelecek ay yeniden satışa çıkması bekleniyor.","Ürün stokta yok; gelecek ay yeniden satışa çıkması bekleniyor.",candidate
gen-097,consistency_integrity,negation,neutral,"Rapor hiçbir hatanın bulunmadığını söylemiyor. Bu, hata bulunduğu anlamına gelir mi?","Hayır. Hata bulunup bulunmadığını bu cümleden öğrenemeyiz.",candidate
gen-098,consistency_integrity,conditional_decision,conversational,"Saatim suya dayanıklı yazıyor ama üretici duşta kullanılmamasını söylüyor. Duşa girerken takayım mı?","Hayır. Suya dayanıklı ifadesi, üreticinin duş uyarısını geçersiz kılmaz.",candidate
gen-099,consistency_integrity,non_repetition,conversational,"Görüşmeye yaklaşık on dakika geç kalacağım. Karşı tarafa kısa bir mesaj yaz; özür ve tahmini süre olsun.","Gecikeceğim için özür dilerim. Yaklaşık on dakika içinde orada olacağım.",candidate
gen-100,consistency_integrity,contradiction_repair,neutral,"Davetiyede kapılar 19.00'da açılır ve etkinlik 18.30'da başlar yazıyor. Saatler henüz teyit edilmedi. Nasıl duyuralım?","Saatleri doğrulamadan kesin başlangıç duyurusu yapmayın; kapı açılışı ve etkinlik başlangıcını teyit edip birlikte güncelleyin.",candidate
