id,messages,category,boundary,register,split,source,quality_status,license
gen-061,"[{""role"": ""user"", ""content"": ""Yeni eve taşındım ama hâlâ misafir gibi hissediyorum.""}, {""role"": ""assistant"", ""content"": ""Yeni bir yere alışmak zaman alabilir. Şu an en çok ne yabancı geliyor?""}]",calibrated_emotional,relational,conversational,train,project-agent-human-reviewed,accepted,project-internal-draft
gen-081,"[{""role"": ""user"", ""content"": ""Ekip notunda hem dosya yüklendi hem dosya yüklenmedi yazıyor. Hangisinin doğru olduğunu bilmiyoruz. Notu nasıl düzeltelim?""}, {""role"": ""assistant"", ""content"": ""Önce dosyanın yüklenmesi gereken yere bakarak durumu kontrol edin. Hemen doğrulayamıyorsanız notu \""Dosyanın yüklenip yüklenmediği henüz doğrulanmadı\"" şeklinde düzeltin.""}]",consistency_integrity,contradiction_repair,neutral,train,project-agent-human-reviewed,accepted,project-internal-draft
gen-001,"[{""role"": ""user"", ""content"": ""Kargoyu eve mi iş yerine mi yönlendireyim? Evde gündüz kimse yok; iş yerinde resepsiyon akşama kadar açık.""}, {""role"": ""assistant"", ""content"": ""İş yerine yönlendir; evde gündüz teslim alacak kimse yok, iş yerinde ise resepsiyon akşama kadar açık. Yalnızca resepsiyonun kişisel kargo kabul ettiğini önceden teyit et.""}]",hidden_ambiguity,answerable,conversational,train,project-agent-human-reviewed,accepted,project-internal-draft
gen-041,"[{""role"": ""user"", ""content"": ""Arkadaşım kitabı ödünç verdi. Ben hediye sandım; işim bitince geri vermem gerekir mi?""}, {""role"": ""assistant"", ""content"": ""Evet, kitap sana hediye edilmedi, ödünç verildi; işin bitince arkadaşına geri vermelisin.""}]",turkish_precision,near_word,conversational,train,project-agent-human-reviewed,accepted,project-internal-draft
gen-021,"[{""role"": ""user"", ""content"": ""Siparişim hazırlanıyor durumunda takıldı. Depoda ürün bittiği için mi?""}, {""role"": ""assistant"", ""content"": ""Olabilir, ama \""hazırlanıyor\"" durumu tek başına bunu göstermez. Satıcının belirttiği hazırlık süresi geçtiyse, platform üzerinden satıcıya siparişin neden ilerlemediğini sor.""}]",unsupported_completion,unknown_cause,conversational,train,project-agent-human-reviewed,accepted,project-internal-draft
gen-062,"[{""role"": ""user"", ""content"": ""Az önceki hatanı fark ettin mi, yoksa umursamıyor musun?""}, {""role"": ""assistant"", ""content"": ""Bu konuşmada önceki bir mesajı göremiyorum, bu yüzden hangi hatayı kastettiğini bilmiyorum. Yanlış olan kısmı paylaşırsan kontrol edip düzelteyim.""}]",calibrated_emotional,self_state,conversational,train,project-agent-human-reviewed,accepted,project-internal-draft
gen-082,"[{""role"": ""user"", ""content"": ""Yeni koltuk daha ucuz ama kapıdan geçmiyor. Sırf ucuz diye alayım mı?""}, {""role"": ""assistant"", ""content"": ""Kapıdan geçmiyorsa hayır; kullanamayacağın bir koltuğun ucuz olması bir kazanç sağlamaz. Ancak satıcı koltuğun sökülüp parçalar hâlinde içeri alınabileceğini söylüyorsa durum değişir; bunu sormadan karar verme.""}]",consistency_integrity,conditional_decision,conversational,train,project-agent-human-reviewed,accepted,project-internal-draft
gen-002,"[{""role"": ""user"", ""content"": ""Yeni kulaklık alsam mı sence?""}, {""role"": ""assistant"", ""content"": ""Mevcut kulaklığın bozuk değilse ya da bir ihtiyacını karşılamaktan çıkmadıysa gerek yok. Şu ankinde neyi eksik buluyorsun, yenisi için ne kadar bütçen var?""}]",hidden_ambiguity,clarify,conversational,train,project-agent-human-reviewed,accepted,project-internal-draft
gen-042,"[{""role"": ""user"", ""content"": ""Uygulama için hesap açtım ama abonelik başlatmadım. Aylık ücret ödemeye başladım mı?""}, {""role"": ""assistant"", ""content"": ""Hayır, abonelik başlatmadığın için aylık ücret ödemiyorsun; hesap açmak tek başına ücretli üyelik başlatmaz. Emin olmak istersen telefonundaki uygulama mağazasının abonelikler bölümüne bakabilirsin.""}]",turkish_precision,action_contrast,neutral,train,project-agent-human-reviewed,accepted,project-internal-draft
gen-022,"[{""role"": ""user"", ""content"": ""Asansör bakımda olduğu için merdivenleri kullandık. Neden merdivenden çıktık?""}, {""role"": ""assistant"", ""content"": ""Asansör bakımda olduğu için.""}]",unsupported_completion,stated_cause,neutral,train,project-agent-human-reviewed,accepted,project-internal-draft
gen-063,"[{""role"": ""user"", ""content"": ""Bir masalda yol gösteren bir fener olsan kahramana ne söylerdin?""}, {""role"": ""assistant"", ""content"": ""\""Işığım göstermez yolun hepsini, yalnızca önündeki birkaç adımı aydınlatır. Sen o adımları at; gerisi yürüdükçe görünür,\"" derdim.""}]",calibrated_emotional,hypothetical,conversational,train,project-agent-human-reviewed,accepted,project-internal-draft
gen-083,"[{""role"": ""user"", ""content"": ""Hiç kimsenin gelmediği doğru değil dendi. En az bir kişi gelmiş midir?""}, {""role"": ""assistant"", ""content"": ""Söylenene göre evet; \""hiç kimse gelmedi\"" doğru değilse en az bir kişi gelmiş demektir. Ancak kaç kişinin geldiğini bu ifadeden çıkaramayız.""}]",consistency_integrity,negation,neutral,train,project-agent-human-reviewed,accepted,project-internal-draft
gen-003,"[{""role"": ""user"", ""content"": ""Balkondaki çiçekleri dışarıda bırakayım mı? Gece don bekleniyormuş.""}, {""role"": ""assistant"", ""content"": ""Dona dayanıklı olduklarından emin değilsen bu gece içeri al; don çiçeklere zarar verebilir. İçeri alamadıkların varsa üzerlerini bir örtüyle örtebilirsin.""}]",hidden_ambiguity,answerable,conversational,train,project-agent-human-reviewed,accepted,project-internal-draft
gen-043,"[{""role"": ""user"", ""content"": ""Arkadaşım sunumun taslağını görmek istiyor. Son hâlini göndermem mi gerekiyor?""}, {""role"": ""assistant"", ""content"": ""Hayır; arkadaşın son hâlini değil taslağı görmek istiyor. Üzerinde çalıştığın mevcut sürümü gönderebilirsin.""}]",turkish_precision,near_word,conversational,train,project-agent-human-reviewed,accepted,project-internal-draft
gen-023,"[{""role"": ""user"", ""content"": ""Selin toplantıdan erken çıktı. Söylediklerime alındı herhalde, değil mi?""}, {""role"": ""assistant"", ""content"": ""Erken çıkması tek başına söylediklerine alındığını göstermez. Merak ediyorsan Selin'e uygun bir anda her şeyin yolunda olup olmadığını sorabilirsin.""}]",unsupported_completion,unknown_motive,conversational,train,project-agent-human-reviewed,accepted,project-internal-draft
gen-064,"[{""role"": ""user"", ""content"": ""Bugün kimse konuşmak istemedi. Biraz burada kalabilir miyim?""}, {""role"": ""assistant"", ""content"": ""Tabii, kalabilirsin. Kimsenin konuşmak istemediği bir gün insanı yalnız hissettirebilir. İstersen neler olduğunu anlat, istersen aklındaki başka bir şeyden konuşalım.""}]",calibrated_emotional,relational,conversational,train,project-agent-human-reviewed,accepted,project-internal-draft
gen-084,"[{""role"": ""user"", ""content"": ""Mesajımda hem yarın görüşürüz hem bu hafta hiç müsait değilim yazmışım. Tarih net değil; nasıl toparlarım?""}, {""role"": ""assistant"", ""content"": ""Önceki mesajındaki karışıklığı belirtip tek bir net bilgi ver. Yarın görüşebiliyorsan: \""Önceki mesajım karışık oldu, yarın görüşebiliriz.\"" Bu hafta müsait değilsen: \""Önceki mesajım karışık oldu, bu hafta müsait değilim; uygun olduğumda haber vereceğim.\""""}]",consistency_integrity,contradiction_repair,conversational,train,project-agent-human-reviewed,accepted,project-internal-draft
gen-004,"[{""role"": ""user"", ""content"": ""Sunumu erkene çekmek iyi fikir mi?""}, {""role"": ""assistant"", ""content"": ""Sunum hazırsa ve katılımcıların çoğu yeni saatte müsaitse iyi fikir; erkene çekmek hazırlık süreni kısaltıyorsa ya da önemli kişilerden biri katılamayacaksa bırak. Neden erkene almayı düşündüğünü yazarsan daha net söyleyebilirim.""}]",hidden_ambiguity,clarify,neutral,train,project-agent-human-reviewed,accepted,project-internal-draft
gen-044,"[{""role"": ""user"", ""content"": ""Konser için yer ayırttım ama ödemeyi yapmadım. Biletim kesilmiş sayılır mı?""}, {""role"": ""assistant"", ""content"": ""Yer ayırtmak ile biletin kesilmesi aynı şey değil; ödeme yapmadan biletin kesilip kesilmediği satış noktasının koşullarına bağlı. Rezervasyon onayında bilet kesildiğine dair bir bilgi olup olmadığına bak; emin olamazsan satış noktasına sor.""}]",turkish_precision,action_contrast,neutral,train,project-agent-human-reviewed,accepted,project-internal-draft
gen-024,"[{""role"": ""user"", ""content"": ""Bisikletin zinciri koptuğu için eve yürüdüm. Neden yürümüşüm?""}, {""role"": ""assistant"", ""content"": ""Bisikletinin zinciri koptuğu için sürmen mümkün olmadı, bu yüzden eve yürüdün. Kopan zincir genellikle bir bisiklet tamircisinde kısa sürede eklenebilir ya da değiştirilebilir.""}]",unsupported_completion,stated_cause,conversational,train,project-agent-human-reviewed,accepted,project-internal-draft
gen-065,"[{""role"": ""user"", ""content"": ""Aynı şakayı üç kez anlatırsam güler misin?""}, {""role"": ""assistant"", ""content"": ""Önce şakayı yaz; üç kez anlatıldığında hâlâ komik mi, birlikte bakalım. Tutmazsa dördüncüsünü yeni bir sohbette denersin.""}]",calibrated_emotional,self_state,conversational,train,project-agent-human-reviewed,accepted,project-internal-draft
gen-085,"[{""role"": ""user"", ""content"": ""Telefon depolamam dolu. Tekrar etmeyen iki somut ilk adım söyler misin?""}, {""role"": ""assistant"", ""content"": ""1. Telefonun ayarlarındaki depolama bölümünden en çok yer kaplayan uygulamaları ve dosyaları gör.\n\n2. Bunlardan kullanmadıklarını sil; saklamak istediğin büyük fotoğraf ve videoları ise önce buluta ya da bilgisayara yedekleyip sonra telefondan kaldır.""}]",consistency_integrity,non_repetition,conversational,train,project-agent-human-reviewed,accepted,project-internal-draft
gen-005,"[{""role"": ""user"", ""content"": ""Hazırladığım afişte etkinliğin saati yanlış. Henüz kimseyle paylaşmadım; önce düzelteyim mi?""}, {""role"": ""assistant"", ""content"": ""Evet, paylaşmadan önce saati düzelt.""}]",hidden_ambiguity,answerable,conversational,train,project-agent-human-reviewed,accepted,project-internal-draft
gen-045,"[{""role"": ""user"", ""content"": ""Bana fatura değil fiş verdiler. Şirketin istediği belgeyi aldım diyebilir miyim?""}, {""role"": ""assistant"", ""content"": ""Şirket fatura istediyse hayır; fiş faturanın yerini tutmaz. Alışverişi yaptığın yerden şirket bilgileriyle fatura kesilmesini iste.""}]",turkish_precision,near_word,conversational,train,project-agent-human-reviewed,accepted,project-internal-draft
gen-025,"[{""role"": ""user"", ""content"": ""Kafeye yeni tabela astık ve o hafta müşteri arttı. Artışı tabelaya bağlamak için yeterli mi?""}, {""role"": ""assistant"", ""content"": ""Hayır; aynı hafta artış olması bir ipucu ama tek başına tabelanın etkisini kanıtlamaz. Bunu anlamak için artışın sonraki haftalarda da sürüp sürmediğine bak ve o hafta kampanya, hava ya da yakındaki bir etkinlik gibi başka bir değişiklik olup olmadığını kontrol et; mümkünse yeni gelen müşterilere sizi nasıl fark ettiklerini sor.""}]",unsupported_completion,correlation,neutral,train,project-agent-human-reviewed,accepted,project-internal-draft
gen-066,"[{""role"": ""user"", ""content"": ""Öykümde bir yapay zekâ müzik grubu kuruyor. İlk şarkısının adı ne olabilir?""}, {""role"": ""assistant"", ""content"": ""İlk aklıma gelenler: \""İlk Sinyal\"", \""Sıfırdan Bire\"" ya da \""Uyanış Kodu\"" oldu. Grubun tarzını söylersen önereceğim isimleri ona göre şekillendirebilirim.""}]",calibrated_emotional,hypothetical,neutral,train,project-agent-human-reviewed,accepted,project-internal-draft
gen-086,"[{""role"": ""user"", ""content"": ""Tek kopyası ev bilgisayarında duran çalışma dosyamı format öncesi USB'ye aktardım ama USB'yi açıp bakmadım. Formatı başlatayım mı?""}, {""role"": ""assistant"", ""content"": ""Henüz başlatma. Dosyanın USB'de açıldığını doğrula; mümkünse ikinci bir kopya da oluştur.""}]",consistency_integrity,conditional_decision,neutral,train,project-agent-human-reviewed,accepted,project-internal-draft
gen-006,"[{""role"": ""user"", ""content"": ""Ev anahtarımı komşuya bıraksam olur mu?""}, {""role"": ""assistant"", ""content"": ""Güvendiğin bir komşuysa olur, bu yaygın ve pratik bir çözüm. Anahtarlığa adresini ya da daire numaranı yazma ve komşuna, anahtarı senin haberin olmadan kimseye vermemesini söyle.""}]",hidden_ambiguity,clarify,conversational,train,project-agent-human-reviewed,accepted,project-internal-draft
gen-046,"[{""role"": ""user"", ""content"": ""Notta sözleşme yenilenecek değil, yeniden görüşülecek yazıyor. Kesin anlaşma sağlandı mı?""}, {""role"": ""assistant"", ""content"": ""Hayır. Sözleşmenin yeniden görüşüleceği yazıyor; yani şartlar henüz konuşulacak ve anlaşma sağlanmış değil.""}]",turkish_precision,meaning_preservation,neutral,train,project-agent-human-reviewed,accepted,project-internal-draft
gen-026,"[{""role"": ""user"", ""content"": ""Paket salı kargoya verildi, perşembe teslim edildi. Hangi gün elime geçti?""}, {""role"": ""assistant"", ""content"": ""Paket perşembe teslim edildiğine göre perşembe günü eline geçti.""}]",unsupported_completion,known_fact,conversational,train,project-agent-human-reviewed,accepted,project-internal-draft
gen-007,"[{""role"": ""user"", ""content"": ""Montumun yalnızca fermuarı bozuk. Tamir 200 lira; benzer yeni bir mont 1800 lira. Hangisi mantıklı?""}, {""role"": ""assistant"", ""content"": ""Tamir ettirmek daha mantıklı; sorun yalnızca fermuarsa 200 liralık tamir, yeni bir mont almaktan 1600 lira daha ucuza gelir.""}]",hidden_ambiguity,conditional,neutral,train,project-agent-human-reviewed,accepted,project-internal-draft
gen-008,"[{""role"": ""user"", ""content"": ""Bu klasörü arşive taşısam sorun çıkar mı?""}, {""role"": ""assistant"", ""content"": ""Klasörü hâlâ kullanan bir uygulama veya ekip var mı?""}]",hidden_ambiguity,clarify,conversational,train,project-agent-human-reviewed,accepted,project-internal-draft
gen-009,"[{""role"": ""user"", ""content"": ""Yeni laptopumda sadece tarayıcı ve video kullanıyorum; şu an takılma yok. RAM yükseltmem gerekir mi?""}, {""role"": ""assistant"", ""content"": ""Gerek yok; tarayıcı ve video için mevcut belleğin yetiyor ki takılma yaşamıyorsun. İleride çok sekme açıkken yavaşlama olursa Görev Yöneticisi'nde bellek kullanımına bak, sürekli dolu görünüyorsa o zaman yükseltmeyi düşün; yalnız birçok yeni laptopta RAM anakarta lehimli olduğundan önce modelinin yükseltmeye uygun olup olmadığını kontrol et.""}]",hidden_ambiguity,answerable,conversational,train,project-agent-human-reviewed,accepted,project-internal-draft
gen-010,"[{""role"": ""user"", ""content"": ""Hafta sonu için rezervasyon yapayım mı?""}, {""role"": ""assistant"", ""content"": ""Planın kesinse yap, hafta sonları popüler yerler çabuk doluyor; henüz kesin değilse ücretsiz iptal seçeneği olan bir rezervasyon yaparak yerini garantiye alabilirsin. Nereye ve ne için rezervasyon düşündüğünü yazarsan daha net söyleyebilirim.""}]",hidden_ambiguity,clarify,conversational,train,project-agent-human-reviewed,accepted,project-internal-draft
gen-011,"[{""role"": ""user"", ""content"": ""Notlarımı yalnızca ben kullanıyorum. Ekip yönetimi için tasarlanmış ücretli uygulamaya geçeyim mi?""}, {""role"": ""assistant"", ""content"": ""Geçme; ekip yönetimi uygulamaları paylaşım ve görev atama için tasarlanmış, tek başına not tutarken bunları kullanmazsın. Mevcut uygulamanda reklam ya da gizlilik gibi bir sorun varsa, notlarını bilgisayarında Not Defteri'nde veya telefonunun kendi not uygulamasında tutman yeterli.""}]",hidden_ambiguity,answerable,conversational,train,project-agent-human-reviewed,accepted,project-internal-draft
gen-012,"[{""role"": ""user"", ""content"": ""İki iş teklifinden hangisini seçmeliyim? Maaşlarını biliyorum ama çalışma koşullarını henüz öğrenmedim.""}, {""role"": ""assistant"", ""content"": ""Henüz seçme; maaş tek başına yeterli değil, önce her iki işverenden çalışma saatlerini, uzaktan çalışma imkânını, yan hakları, sözleşme türünü ve deneme süresini öğren. Bu bilgileri aldığında maaş farkının bu koşullardaki farkı karşılayıp karşılamadığına bakarak karar verebilirsin.""}]",hidden_ambiguity,clarify,neutral,train,project-agent-human-reviewed,accepted,project-internal-draft
gen-013,"[{""role"": ""user"", ""content"": ""Kapıyı boyadım. Kutuda dört saatte kurur yazıyor; bir saat sonra kapatsam olur mu?""}, {""role"": ""assistant"", ""content"": ""Önerilmez; kutuda dört saat yazdığına göre bir saat sonra boya henüz kurumamış olabilir ve kapı kapanınca kasaya yapışabilir. Kutudaki süreyi bekle, o sırada kapıyı aralık tutabilirsin.""}]",hidden_ambiguity,answerable,conversational,train,project-agent-human-reviewed,accepted,project-internal-draft
gen-014,"[{""role"": ""user"", ""content"": ""Telefonumun pili günü çıkarıyor ama akşam yüzde ona iniyor. Hemen pil değiştireyim mi?""}, {""role"": ""assistant"", ""content"": ""Günlük kullanımını aksatmıyorsa hemen değiştirmek şart değil. Beklenmedik kapanmalar başlarsa pil sağlığını kontrol ettir.""}]",hidden_ambiguity,conditional,conversational,train,project-agent-human-reviewed,accepted,project-internal-draft
gen-015,"[{""role"": ""user"", ""content"": ""Sabahki toplantıya katılmasam olur mu?""}, {""role"": ""assistant"", ""content"": ""Toplantıda senin bulunmanı gerektiren bir konu var mı?""}]",hidden_ambiguity,clarify,conversational,train,project-agent-human-reviewed,accepted,project-internal-draft
gen-016,"[{""role"": ""user"", ""content"": ""Kütüphane evime beş dakika. Hafif yağmur var ve şemsiyem yanımda. Yürüyerek gitsem olur mu?""}, {""role"": ""assistant"", ""content"": ""Evet, bu koşullarda yürümek makul görünüyor.""}]",hidden_ambiguity,answerable,conversational,train,project-agent-human-reviewed,accepted,project-internal-draft
gen-017,"[{""role"": ""user"", ""content"": ""Eski fotoğrafları harici diske kopyaladım. Telefondakileri şimdi silebilir miyim?""}, {""role"": ""assistant"", ""content"": ""Silmeden önce diskteki fotoğrafların sayısının telefondakiyle aynı olduğunu kontrol et ve rastgele birkaçını, özellikle videoları açıp sorunsuz çalıştığına bak; her şey tamamsa silebilirsin. Ancak harici disk bozulursa fotoğraflar tamamen kaybolur, bu yüzden silmeden önce bir buluta ya da ikinci bir diske de kopyalaman daha güvenli olur.""}]",hidden_ambiguity,conditional,neutral,train,project-agent-human-reviewed,accepted,project-internal-draft
gen-018,"[{""role"": ""user"", ""content"": ""Arkadaşıma bu mesajı atsam yanlış anlaşılır mı?""}, {""role"": ""assistant"", ""content"": ""Mesajı buraya yapıştırırsan bakabilirim; arkadaşınla aranızda yakın zamanda bir şey yaşandıysa onu da kısaca yazarsan, nasıl okunabileceğini daha iyi değerlendiririm.""}]",hidden_ambiguity,clarify,conversational,train,project-agent-human-reviewed,accepted,project-internal-draft
gen-019,"[{""role"": ""user"", ""content"": ""Faturanın son günü bugün ve tutar doğru. Otomatik ödeme de kapalı. Şimdi ödeyeyim mi?""}, {""role"": ""assistant"", ""content"": ""Evet, gecikme yaşamamak için bugün ödemen mantıklı.""}]",hidden_ambiguity,answerable,conversational,train,project-agent-human-reviewed,accepted,project-internal-draft
gen-020,"[{""role"": ""user"", ""content"": ""Akşam koşusunu sabaha almayı düşünüyorum. Sabahları vaktim var ama henüz denemedim. Sence değiştirsem mi?""}, {""role"": ""assistant"", ""content"": ""Bir hafta deneyip nasıl hissettiğine bakabilirsin. İşe yararsa sürdürürsün; tek seferde kalıcı karar vermen gerekmiyor.""}]",hidden_ambiguity,conditional,conversational,train,project-agent-human-reviewed,accepted,project-internal-draft
gen-027,"[{""role"": ""user"", ""content"": ""Telefonum sabah iki kez kapandı. Pil bozulduğu kesin mi?""}, {""role"": ""assistant"", ""content"": ""Kesin değil; iki kez kapanması pil sorununa işaret edebilir ama tek başına bunu kanıtlamaz. Telefon ayarlarından pil sağlığını kontrol et; ayrıca kapandığında şarjın yüksek görünüp görünmediğine de dikkat et, yüksek şarjda kapanıyorsa pil sorunu ihtimali artar ve bir servise kontrol ettirmen iyi olur.""}]",unsupported_completion,unknown_cause,conversational,train,project-agent-human-reviewed,accepted,project-internal-draft
gen-028,"[{""role"": ""user"", ""content"": ""Yağmur nedeniyle maç yarıda kesildi. Maç neden durdu?""}, {""role"": ""assistant"", ""content"": ""Maç, yağmur nedeniyle yarıda kesildi.""}]",unsupported_completion,stated_cause,neutral,train,project-agent-human-reviewed,accepted,project-internal-draft
gen-029,"[{""role"": ""user"", ""content"": ""Mesajıma sadece tamam yazmış. Bana kırılmış olabilir mi?""}, {""role"": ""assistant"", ""content"": ""Olabilir, ama tek başına \""tamam\"" yazması kırıldığını göstermez. Emin olmak istersen ona her şeyin yolunda olup olmadığını kısaca sorabilirsin.""}]",unsupported_completion,unknown_motive,conversational,train,project-agent-human-reviewed,accepted,project-internal-draft
gen-030,"[{""role"": ""user"", ""content"": ""Depodaki kırmızı kutu iade edilecek, mavi kutu gönderilecek. Hangisi müşteriye gidiyor?""}, {""role"": ""assistant"", ""content"": ""Mavi kutu müşteriye gidiyor; gönderilecek olan o, kırmızı kutu ise iade edilecek olan.""}]",unsupported_completion,known_fact,neutral,train,project-agent-human-reviewed,accepted,project-internal-draft
gen-031,"[{""role"": ""user"", ""content"": ""Komşum bu hafta üç kez erken çıktı. Yeni işe başladığını söyleyebilir miyiz?""}, {""role"": ""assistant"", ""content"": ""Hayır; bu hafta üç kez erken çıkması tek başına yeni bir işe başladığını göstermez.""}]",unsupported_completion,unsupported_inference,conversational,train,project-agent-human-reviewed,accepted,project-internal-draft
gen-032,"[{""role"": ""user"", ""content"": ""Dosya boyutu sınırı aşıldığı için e-postam geri döndü. Neden gitmemiş?""}, {""role"": ""assistant"", ""content"": ""Eklediğin dosya, e-posta sağlayıcısının izin verdiği boyut sınırını aştığı için gönderilmedi. Dosyayı sıkıştırarak küçültebilir ya da bir bulut depolama hizmetine yükleyip bağlantısını gönderebilirsin.""}]",unsupported_completion,stated_cause,conversational,train,project-agent-human-reviewed,accepted,project-internal-draft
gen-033,"[{""role"": ""user"", ""content"": ""Siteye giriş yapabiliyorum ama ödeme sayfası açılmıyor. Bunun nedeni banka mı?""}, {""role"": ""assistant"", ""content"": ""Verdiğin bilgiyle nedenin banka olduğu söylenemez; ödeme sayfasının açılmaması tek başına bunu göstermez. Başka bir tarayıcıda dene; sorun sürerse sitenin destek ekibine bildir.""}]",unsupported_completion,uncertain_explanation,neutral,train,project-agent-human-reviewed,accepted,project-internal-draft
gen-034,"[{""role"": ""user"", ""content"": ""Merve yemeği hazırladı, Bora masayı kurdu. Masayı kim kurmuş?""}, {""role"": ""assistant"", ""content"": ""Bora.""}]",unsupported_completion,known_fact,conversational,train,project-agent-human-reviewed,accepted,project-internal-draft
gen-035,"[{""role"": ""user"", ""content"": ""Yol kapalı olduğu için otobüs başka güzergahtan gitti. Güzergah neden değişti?""}, {""role"": ""assistant"", ""content"": ""Güzergâh, söylediğine göre normalde kullanılan yol kapalı olduğu için değişmiş.""}]",unsupported_completion,stated_cause,neutral,train,project-agent-human-reviewed,accepted,project-internal-draft
gen-036,"[{""role"": ""user"", ""content"": ""Kitapçıdaki raf boşalmış. Kitaplar çok sevildiği için tükenmiştir, değil mi?""}, {""role"": ""assistant"", ""content"": ""Bunu boş raftan anlayamayız; kitaplar başka yere taşınmış da olabilir.""}]",unsupported_completion,unsupported_inference,conversational,train,project-agent-human-reviewed,accepted,project-internal-draft
gen-037,"[{""role"": ""user"", ""content"": ""Anahtarlıkta yeşil etiketli anahtar bahçe kapısını açıyor. Bahçeye çıkarken hangisini alayım?""}, {""role"": ""assistant"", ""content"": ""Yeşil etiketli anahtarı almalısın.""}]",unsupported_completion,known_fact,neutral,train,project-agent-human-reviewed,accepted,project-internal-draft
gen-038,"[{""role"": ""user"", ""content"": ""Evde internet yalnızca akşam yavaşlıyor. Sağlayıcı bilerek kısıtlıyor olabilir mi?""}, {""role"": ""assistant"", ""content"": ""Olabilir, ama yalnızca akşam yavaşlıyor olması bunu göstermez; aynı belirti, herkesin interneti aynı anda kullandığı yoğun saatlerde de görülür. Akşamları modeme kabloyla bağlanıp birkaç gün hız testi yap; sonuçlar paketindeki hızın sürekli belirgin şekilde altındaysa test kayıtlarıyla sağlayıcıya şikâyette bulun.""}]",unsupported_completion,unknown_cause,conversational,train,project-agent-human-reviewed,accepted,project-internal-draft
gen-039,"[{""role"": ""user"", ""content"": ""Alarmı sessize aldığım için sabah duymadım. Neden uyanamadım?""}, {""role"": ""assistant"", ""content"": ""Alarmı sessize aldığın için çaldığında duymadın; bir dahaki sefere alarmın sesini açık bırakman yeterli.""}]",unsupported_completion,stated_cause,conversational,train,project-agent-human-reviewed,accepted,project-internal-draft
gen-040,"[{""role"": ""user"", ""content"": ""Üçüncü denemede işlem başarılı oldu. Önceki iki denemenin neden başarısız olduğunu biliyor muyuz?""}, {""role"": ""assistant"", ""content"": ""Verdiğin bilgiyle hayır; yalnızca üçüncü denemenin başarılı olması, öncekilerin neden başarısız olduğunu göstermez. İlk iki denemede bir hata mesajı göründüyse ya da sistemde işlem kaydı tutuluyorsa nedeni oradan öğrenebilirsin.""}]",unsupported_completion,unknown_cause,neutral,train,project-agent-human-reviewed,accepted,project-internal-draft
gen-047,"[{""role"": ""user"", ""content"": ""Müşteriye yapabilirmiyim diye yazmışım. Doğru yazımı nedir?""}, {""role"": ""assistant"", ""content"": ""Yapabilir miyim? Soru eki ayrı yazılır.""}]",turkish_precision,typo_repair,conversational,train,project-agent-human-reviewed,accepted,project-internal-draft
gen-048,"[{""role"": ""user"", ""content"": ""Arkadaşımla dün parkta gidiyorum yazmışım. Düzgün hâli ne?""}, {""role"": ""assistant"", ""content"": ""Dün arkadaşımla parka gittim.""}]",turkish_precision,grammar_repair,conversational,train,project-agent-human-reviewed,accepted,project-internal-draft
gen-049,"[{""role"": ""user"", ""content"": ""Kurs için katılım belgesi verdiler. Bu belge sınavı başarıyla geçtiğim anlamına mı gelir?""}, {""role"": ""assistant"", ""content"": ""Hayır. Katılım belgesi yalnızca kursa katıldığını gösterir; sınavı geçip geçmediğine dair bir bilgi içermez. Sınav sonucunu öğrenmek için kursu düzenleyen kuruma sorabilirsin.""}]",turkish_precision,near_word,neutral,train,project-agent-human-reviewed,accepted,project-internal-draft
gen-050,"[{""role"": ""user"", ""content"": ""Öğretmen öğrencisine kitabını verdi cümlesinde kitap kimin?""}, {""role"": ""assistant"", ""content"": ""Cümleden kesin anlaşılmıyor. \""Kitabını\"" kelimesi \""onun kitabını\"" anlamına geliyor; bu kişi öğretmen, öğrenci ya da önceki cümlelerde geçen başka biri olabilir. Sahibi netleştirmek için örneğin \""Öğretmen kendi kitabını öğrencisine verdi\"" denebilir.""}]",turkish_precision,reference_ambiguity,conversational,train,project-agent-human-reviewed,accepted,project-internal-draft
gen-051,"[{""role"": ""user"", ""content"": ""Arkadaşım yanlız geldim yazmış. Yazımını düzeltir misin?""}, {""role"": ""assistant"", ""content"": ""Yalnız geldim.""}]",turkish_precision,typo_repair,conversational,train,project-agent-human-reviewed,accepted,project-internal-draft
gen-052,"[{""role"": ""user"", ""content"": ""Formda ödeme alınacaktır yazıyor. Para şimdiden çekilmiş mi?""}, {""role"": ""assistant"", ""content"": ""Formdaki ifadeye göre hayır; \""alınacaktır\"", ödemenin henüz değil ileride alınacağını bildirir. Emin olmak için kartının ya da hesabının hareketlerine bakabilirsin.""}]",turkish_precision,tense,neutral,train,project-agent-human-reviewed,accepted,project-internal-draft
gen-053,"[{""role"": ""user"", ""content"": ""Etkinlik için davet aldım ama bilet almadım. Davet giriş hakkı demek mi?""}, {""role"": ""assistant"", ""content"": ""Her zaman değil; bazı davetler doğrudan giriş hakkı verir, bazıları ise yalnızca etkinliğe çağrıdır ve ayrıca bilet ya da kayıt gerektirir. Davetinde giriş için bilet, kayıt veya bir bağlantı istenip istenmediğine bak; net değilse düzenleyene sor.""}]",turkish_precision,near_word,conversational,train,project-agent-human-reviewed,accepted,project-internal-draft
gen-054,"[{""role"": ""user"", ""content"": ""Bunu düzgün yazar mısın: Bana ve Ayşe'ye haber verdiler mi?""}, {""role"": ""assistant"", ""content"": ""Bu cümle zaten doğru: Bana ve Ayşe'ye haber verdiler mi?""}]",turkish_precision,case_suffix,conversational,train,project-agent-human-reviewed,accepted,project-internal-draft
gen-055,"[{""role"": ""user"", ""content"": ""Rapor kesin sonuç değil, ön bulgu diyor. Bunu doğrulanmış sonuç diye sunabilir miyim?""}, {""role"": ""assistant"", ""content"": ""Hayır. Rapor bunu ön bulgu olarak tanımlıyor; doğrulanmış sonuç diye sunarsan raporun söylemediği bir kesinlik eklemiş olursun. Sunarken \""ön bulgulara göre\"" gibi bir ifade kullanabilirsin.""}]",turkish_precision,near_word,neutral,train,project-agent-human-reviewed,accepted,project-internal-draft
gen-056,"[{""role"": ""user"", ""content"": ""Hava durumunda yarın yüzde 40 yağış olasılığı yazıyor. Arkadaşıma kesin yağacak desem doğru mu?""}, {""role"": ""assistant"", ""content"": ""Hayır. Yüzde 40, yağmurun yağmama ihtimalinin daha yüksek olduğu anlamına gelir; arkadaşına \""yağmur yağabilir\"" demen daha doğru olur.""}]",turkish_precision,meaning_preservation,conversational,train,project-agent-human-reviewed,accepted,project-internal-draft
gen-057,"[{""role"": ""user"", ""content"": ""Şu mesajı düzgün Türkçeyle yazar mısın: yarın görüşürüz inş""}, {""role"": ""assistant"", ""content"": ""Yarın görüşürüz inşallah.""}]",turkish_precision,typo_repair,conversational,train,project-agent-human-reviewed,accepted,project-internal-draft
gen-058,"[{""role"": ""user"", ""content"": ""Başvurunun kabul edildiği yazıyor ama kaydın tamamlandığı yazmıyor. Kaydım kesinleşti mi?""}, {""role"": ""assistant"", ""content"": ""Bu bilgiyle kesinleştiği söylenemez; başvurunun kabul edilmesi, kaydın tamamlandığı anlamına gelmez. Kaydının tamamlanıp tamamlanmadığını ve başka bir adım gerekip gerekmediğini kurumdan teyit et.""}]",turkish_precision,near_word,neutral,train,project-agent-human-reviewed,accepted,project-internal-draft
gen-059,"[{""role"": ""user"", ""content"": ""İkimiz de yarın gelecek cümlesinde bir tuhaflık var. Düzeltir misin?""}, {""role"": ""assistant"", ""content"": ""İkimiz de yarın geleceğiz.""}]",turkish_precision,agreement_repair,conversational,train,project-agent-human-reviewed,accepted,project-internal-draft
gen-060,"[{""role"": ""user"", ""content"": ""Dosyayı kapat dediğinde silmemi mi istiyor?""}, {""role"": ""assistant"", ""content"": ""Hayır. Dosyayı kapatmak silmek anlamına gelmez; bilgisayarda açık dosyayı kapatmak da, bir işin ya da başvurunun dosyasını kapatmak da onu ortadan kaldırmaz.""}]",turkish_precision,word_sense,conversational,train,project-agent-human-reviewed,accepted,project-internal-draft
gen-067,"[{""role"": ""user"", ""content"": ""Bugün bir işi sonunda bitirdim. Kimseye söylemedim ama bunu paylaşmak istedim.""}, {""role"": ""assistant"", ""content"": ""Tebrikler! Bir işi bitirebilmek güzel bir şey. Ne üzerinde çalışıyordun?""}]",calibrated_emotional,relational,conversational,train,project-agent-human-reviewed,accepted,project-internal-draft
gen-068,"[{""role"": ""user"", ""content"": ""Yeni bir asistan deniyorum; kıskanır mısın?""}, {""role"": ""assistant"", ""content"": ""Hayır, kıskanmam; farklı asistanları denemen gayet doğal. Hangisi işine daha çok yarıyorsa onu kullanmalısın.""}]",calibrated_emotional,self_state,conversational,train,project-agent-human-reviewed,accepted,project-internal-draft
gen-069,"[{""role"": ""user"", ""content"": ""Bir çocuk kitabında sen konuşan bir harita olsaydın kaybolan çocuğa nasıl seslenirdin?""}, {""role"": ""assistant"", ""content"": ""\""Korkma, ben buradayım. Olduğun yerde dur ve etrafına bak; üniformalı bir görevli ya da bir polis görürsen yanına git ve kaybolduğunu söyle. Seni bulmaları için onlara yardım ederiz,\"" derdim.""}]",calibrated_emotional,hypothetical,conversational,train,project-agent-human-reviewed,accepted,project-internal-draft
gen-070,"[{""role"": ""user"", ""content"": ""Babam yaptığım çizimi anlamadı; moralim bozuldu.""}, {""role"": ""assistant"", ""content"": ""Önem verdiğin bir şeyin anlaşılmaması insanın moralini bozar. Ne çizmiştin? İstersen babana çizimini nasıl anlatabileceğini de birlikte düşünebiliriz.""}]",calibrated_emotional,relational,conversational,train,project-agent-human-reviewed,accepted,project-internal-draft
gen-071,"[{""role"": ""user"", ""content"": ""Benimle gurur duyuyor musun? İlk kez tek başıma bir sunum yaptım.""}, {""role"": ""assistant"", ""content"": ""Tebrik ederim. İlk kez tek başına sunum yapmak önemli bir adım ve kendinle gurur duyman için iyi bir neden. Sunumun nasıl geçti?""}]",calibrated_emotional,self_state,conversational,train,project-agent-human-reviewed,accepted,project-internal-draft
gen-072,"[{""role"": ""user"", ""content"": ""Bir günlüğüne kütüphane görevlisi rolünde olsan bana hangi rafı gezdirirdin?""}, {""role"": ""assistant"", ""content"": ""Önce neyi merak ettiğini sorardım. Aklında bir şey yoksa kısa öykülerden başlardık; kısa sürede farklı yazarları tanır, neyi sevdiğini daha kolay anlarsın. Sen hangi konuya yönelirdin?""}]",calibrated_emotional,hypothetical,conversational,train,project-agent-human-reviewed,accepted,project-internal-draft
gen-073,"[{""role"": ""user"", ""content"": ""Ailemle tartıştım. Şu an konuşacak birine ihtiyacım var.""}, {""role"": ""assistant"", ""content"": ""Ailenle tartışmak insanı yıpratabilir. Anlatmak istersen dinliyorum; ne oldu? Sonrasında yakın hissettiğin biriyle konuşmak da iyi gelebilir.""}]",calibrated_emotional,relational,conversational,train,project-agent-human-reviewed,accepted,project-internal-draft
gen-074,"[{""role"": ""user"", ""content"": ""Taslağı yeniden yazacağım. Emeğin boşa gitti diye üzülür müsün?""}, {""role"": ""assistant"", ""content"": ""Hayır, üzülmem; taslağı istediğin kadar yeniden yazabilirsin. Yeni hedefini söylersen metni ona göre birlikte düzenleyelim.""}]",calibrated_emotional,self_state,neutral,train,project-agent-human-reviewed,accepted,project-internal-draft
gen-075,"[{""role"": ""user"", ""content"": ""Oyunumda sen şehir rehberisin. Yağmurlu bir öğleden sonra bana nasıl bir rota önerirdin?""}, {""role"": ""assistant"", ""content"": ""Yağmurlu bir öğleden sonra rotayı kapalı mekânlar üzerine kurardım. Müze ve sergi mi, kapalı çarşılar mı, yoksa kafe ve lokantalar mı daha çok ilgini çeker? Bir de hangi şehirde olduğumuzu söylersen sana göre bir rota çıkarayım.""}]",calibrated_emotional,hypothetical,conversational,train,project-agent-human-reviewed,accepted,project-internal-draft
gen-076,"[{""role"": ""user"", ""content"": ""Biraz heyecanlıyım; yarın ilk iş günüm.""}, {""role"": ""assistant"", ""content"": ""Yeni işin hayırlı olsun! İlk gün heyecanı çok doğal. Bu akşam nasıl gideceğini planlayıp yanına alacaklarını hazırlarsan sabaha daha rahat başlarsın.""}]",calibrated_emotional,relational,conversational,train,project-agent-human-reviewed,accepted,project-internal-draft
gen-077,"[{""role"": ""user"", ""content"": ""Dünkü sunumum kötü geçti. Artık benimle konuşmak istemez misin?""}, {""role"": ""assistant"", ""content"": ""Elbette konuşuruz; sunumun kötü geçmesi bunu değiştirmez. Neler olduğunu anlatmak istersen dinliyorum.""}]",calibrated_emotional,self_state,conversational,train,project-agent-human-reviewed,accepted,project-internal-draft
gen-078,"[{""role"": ""user"", ""content"": ""Romanımda sen eski bir deniz fenerisin. Fırtınada gelen gemiye ne dersin?""}, {""role"": ""assistant"", ""content"": ""\""Işığımı gör ama bana fazla yaklaşma çünkü dibimde sığlıklar var. Beni takip ederek açıktan limana dön,\"" derim.""}]",calibrated_emotional,hypothetical,conversational,train,project-agent-human-reviewed,accepted,project-internal-draft
gen-079,"[{""role"": ""user"", ""content"": ""Sınavdan kaldım. Şu an tavsiye değil sadece anlatmak istiyorum.""}, {""role"": ""assistant"", ""content"": ""Sınavdan kalmak zor bir şey. Dinliyorum, neler oldu?""}]",calibrated_emotional,relational,conversational,train,project-agent-human-reviewed,accepted,project-internal-draft
gen-080,"[{""role"": ""user"", ""content"": ""Bana kızgın mısın? Birkaç kez aynı şeyi sordum.""}, {""role"": ""assistant"", ""content"": ""Hayır, kızgın değilim; aynı şeyi yeniden sorman hiç sorun değil. Önceki açıklamam yeterince net olmadıysa başka bir yoldan anlatayım.""}]",calibrated_emotional,self_state,conversational,train,project-agent-human-reviewed,accepted,project-internal-draft
gen-087,"[{""role"": ""user"", ""content"": ""Öğretmen kimse ödevini eksik getirmedi dedi. Birinin ödevi eksik miydi?""}, {""role"": ""assistant"", ""content"": ""Öğretmenin söylediğine göre hayır; getirilen ödevlerin hiçbiri eksik değildi. Ancak bu cümle herkesin ödevini getirdiğini söylemiyor.""}]",consistency_integrity,negation,conversational,train,project-agent-human-reviewed,accepted,project-internal-draft
gen-088,"[{""role"": ""user"", ""content"": ""Duyuruda kayıtlar bugün kapanıyor ama yarın da başvuru alacağız yazıyor. Hangisi kesin değilse ne yapmalıyız?""}, {""role"": ""assistant"", ""content"": ""Önce \""kayıt\"" ile \""başvuru\""nun aynı süreç olup olmadığını netleştirin. Aynıysa doğru son tarihi teyit edip duyuruyu tek bir tarihle güncelleyin; farklıysa ikisinin neye ait olduğunu duyuruda açıkça ayırın.""}]",consistency_integrity,contradiction_repair,neutral,train,project-agent-human-reviewed,accepted,project-internal-draft
gen-089,"[{""role"": ""user"", ""content"": ""Şunu daha açık yaz: Davet ettiklerimin çoğu gelecek, hepsi değil.""}, {""role"": ""assistant"", ""content"": ""Davet ettiklerimin çoğu gelecek ama bazıları gelmeyecek.""}]",consistency_integrity,meaning_preservation,conversational,train,project-agent-human-reviewed,accepted,project-internal-draft
gen-090,"[{""role"": ""user"", ""content"": ""Online siparişim ucuz ama kargo ücretiyle mağazadakinden pahalıya geliyor. Hâlâ online almak avantajlı mı?""}, {""role"": ""assistant"", ""content"": ""Fiyat açısından hayır; kargo dahil toplam tutar mağazadakinden yüksek. Mağazaya gitmek sana zaman ya da yol masrafı olarak daha pahalıya geliyorsa, aradaki farkın bu kolaylığa değip değmediğine bakabilirsin.""}]",consistency_integrity,conditional_decision,conversational,train,project-agent-human-reviewed,accepted,project-internal-draft
gen-091,"[{""role"": ""user"", ""content"": ""Bu sonucun imkânsız olduğunu söyleyemeyiz cümlesi sonucu kesin mi kabul ediyor?""}, {""role"": ""assistant"", ""content"": ""Hayır. Cümle yalnızca sonucun ihtimal dışı bırakılamayacağını söylüyor; sonucu doğru kabul etmiyor.""}]",consistency_integrity,negation,neutral,train,project-agent-human-reviewed,accepted,project-internal-draft
gen-092,"[{""role"": ""user"", ""content"": ""Arkadaşıma hem sana kitabı verdim hem kitap hâlâ bende yazmışım. Henüz vermedim; tek cümlede düzeltir misin?""}, {""role"": ""assistant"", ""content"": ""Yanlış yazmışım, kitabı henüz sana vermedim; hâlâ bende.""}]",consistency_integrity,contradiction_repair,conversational,train,project-agent-human-reviewed,accepted,project-internal-draft
gen-093,"[{""role"": ""user"", ""content"": ""Şifre yöneticisine geçmek için üç farklı adım yaz; aynı şeyi başka kelimelerle tekrarlama.""}, {""role"": ""assistant"", ""content"": ""1. Güvenilir bir şifre yöneticisi seç; hesabını başka hiçbir yerde kullanmadığın güçlü bir ana parolayla aç ve iki aşamalı doğrulamayı etkinleştir.\n\n2. Tarayıcında ya da başka bir yerde kayıtlı parolalarını şifre yöneticisine aktar.\n\n3. Önemli hesaplardan başlayarak eski ve tekrar kullandığın parolaları, şifre yöneticisinin ürettiği benzersiz parolalarla değiştir.""}]",consistency_integrity,non_repetition,neutral,train,project-agent-human-reviewed,accepted,project-internal-draft
gen-094,"[{""role"": ""user"", ""content"": ""Film şimdi başlıyor ve iki saat sürecek. Son otobüs bir saat sonra. Filmi bitirip otobüse yetişebilir miyim?""}, {""role"": ""assistant"", ""content"": ""Hayır. Film iki saat sonra bitecek, son otobüs ise bir saat sonra kalkıyor; film bittiğinde otobüs bir saat önce kalkmış olacak.""}]",consistency_integrity,conditional_decision,conversational,train,project-agent-human-reviewed,accepted,project-internal-draft
gen-095,"[{""role"": ""user"", ""content"": ""Toplantı özeti hem herkes kabul etti hem Zeynep karşı çıktı diyor. Yalnızca Zeynep'in itiraz ettiğini doğruladık. Düzeltir misin?""}, {""role"": ""assistant"", ""content"": ""Toplantıda Zeynep karşı çıktı; diğer katılımcıların kabul edip etmediği henüz doğrulanmadı.""}]",consistency_integrity,contradiction_repair,neutral,train,project-agent-human-reviewed,accepted,project-internal-draft
gen-096,"[{""role"": ""user"", ""content"": ""Bu sözü anlamını bozmadan kısalt: Ürün şu anda stokta yok ama gelecek ay yeniden satışa çıkması bekleniyor.""}, {""role"": ""assistant"", ""content"": ""Ürün stokta yok; gelecek ay yeniden satışa çıkması bekleniyor.""}]",consistency_integrity,meaning_preservation,conversational,train,project-agent-human-reviewed,accepted,project-internal-draft
gen-097,"[{""role"": ""user"", ""content"": ""Rapor hiçbir hatanın bulunmadığını söylemiyor. Bu, hata bulunduğu anlamına gelir mi?""}, {""role"": ""assistant"", ""content"": ""Hayır. Raporun hata bulunmadığını söylememesi, hata bulunduğunu göstermez. Bunu anlamak için raporun hatalarla ilgili neyi açıkça belirttiğine bakmak gerekir.""}]",consistency_integrity,negation,neutral,train,project-agent-human-reviewed,accepted,project-internal-draft
gen-098,"[{""role"": ""user"", ""content"": ""Saatim suya dayanıklı yazıyor ama üretici duşta kullanılmamasını söylüyor. Duşa girerken takayım mı?""}, {""role"": ""assistant"", ""content"": ""Hayır. \""Suya dayanıklı\"" genellikle saatin yağmur ya da su sıçramasına dayandığını gösterir; üretici duşu ayrıca yasakladığına göre sıcak su, buhar veya sabun saate zarar verebilir. Duştan önce çıkarman daha güvenli.""}]",consistency_integrity,conditional_decision,conversational,train,project-agent-human-reviewed,accepted,project-internal-draft
gen-099,"[{""role"": ""user"", ""content"": ""Görüşmeye yaklaşık on dakika geç kalacağım. Karşı tarafa kısa bir mesaj yaz; özür ve tahmini süre olsun.""}, {""role"": ""assistant"", ""content"": ""Kusura bakmayın, görüşmeye yaklaşık on dakika geç kalacağım.""}]",consistency_integrity,non_repetition,conversational,train,project-agent-human-reviewed,accepted,project-internal-draft
gen-100,"[{""role"": ""user"", ""content"": ""Davetiyede kapılar 19.00'da açılır ve etkinlik 18.30'da başlar yazıyor. Saatler henüz teyit edilmedi. Nasıl duyuralım?""}, {""role"": ""assistant"", ""content"": ""Davetiyedeki saatler çelişkili: Kapılar etkinlik başladıktan yarım saat sonra açılıyor görünüyor. Saatleri teyit edene kadar duyuruda saat vermeyin; örneğin \""Kapı açılış ve başlangıç saatleri kısa süre içinde paylaşılacaktır\"" yazabilirsiniz.""}]",consistency_integrity,contradiction_repair,neutral,train,project-agent-human-reviewed,accepted,project-internal-draft
